category,market_id,slug,question,end_date,2026-03-02T15-19-03+00-00__No_pct,2026-03-02T15-19-03+00-00__Yes_pct,2026-03-02T15-19-03+00-00__volume24hr_usd,2026-03-02T15-43-53+00-00__No_pct,2026-03-02T15-43-53+00-00__Yes_pct,2026-03-02T15-43-53+00-00__volume24hr_usd,2026-03-02T16-16-27+00-00__No_pct,2026-03-02T16-16-27+00-00__Yes_pct,2026-03-02T16-16-27+00-00__volume24hr_usd,2026-03-02T17-19-38+00-00__No_pct,2026-03-02T17-19-38+00-00__Yes_pct,2026-03-02T17-19-38+00-00__volume24hr_usd,2026-03-02T18-17-15+00-00__No_pct,2026-03-02T18-17-15+00-00__Yes_pct,2026-03-02T18-17-15+00-00__volume24hr_usd,2026-03-02T19-18-19+00-00__No_pct,2026-03-02T19-18-19+00-00__Yes_pct,2026-03-02T19-18-19+00-00__volume24hr_usd,2026-03-02T20-11-39+00-00__No_pct,2026-03-02T20-11-39+00-00__Yes_pct,2026-03-02T20-11-39+00-00__volume24hr_usd,2026-03-02T21-13-01+00-00__No_pct,2026-03-02T21-13-01+00-00__Yes_pct,2026-03-02T21-13-01+00-00__volume24hr_usd,2026-03-02T22-10-18+00-00__No_pct,2026-03-02T22-10-18+00-00__Yes_pct,2026-03-02T22-10-18+00-00__volume24hr_usd,2026-03-02T23-07-45+00-00__No_pct,2026-03-02T23-07-45+00-00__Yes_pct,2026-03-02T23-07-45+00-00__volume24hr_usd,2026-03-03T00-32-36+00-00__No_pct,2026-03-03T00-32-36+00-00__Yes_pct,2026-03-03T00-32-36+00-00__volume24hr_usd,2026-03-03T01-37-54+00-00__No_pct,2026-03-03T01-37-54+00-00__Yes_pct,2026-03-03T01-37-54+00-00__volume24hr_usd,2026-03-03T03-04-46+00-00__No_pct,2026-03-03T03-04-46+00-00__Yes_pct,2026-03-03T03-04-46+00-00__volume24hr_usd,2026-03-03T04-37-09+00-00__No_pct,2026-03-03T04-37-09+00-00__Yes_pct,2026-03-03T04-37-09+00-00__volume24hr_usd,2026-03-03T05-25-52+00-00__No_pct,2026-03-03T05-25-52+00-00__Yes_pct,2026-03-03T05-25-52+00-00__volume24hr_usd,2026-03-03T06-20-52+00-00__No_pct,2026-03-03T06-20-52+00-00__Yes_pct,2026-03-03T06-20-52+00-00__volume24hr_usd,2026-03-03T07-21-13+00-00__No_pct,2026-03-03T07-21-13+00-00__Yes_pct,2026-03-03T07-21-13+00-00__volume24hr_usd,2026-03-03T08-15-05+00-00__No_pct,2026-03-03T08-15-05+00-00__Yes_pct,2026-03-03T08-15-05+00-00__volume24hr_usd,2026-03-03T09-17-46+00-00__No_pct,2026-03-03T09-17-46+00-00__Yes_pct,2026-03-03T09-17-46+00-00__volume24hr_usd,2026-03-03T10-16-37+00-00__No_pct,2026-03-03T10-16-37+00-00__Yes_pct,2026-03-03T10-16-37+00-00__volume24hr_usd,2026-03-03T11-14-32+00-00__No_pct,2026-03-03T11-14-32+00-00__Yes_pct,2026-03-03T11-14-32+00-00__volume24hr_usd,2026-03-03T12-15-45+00-00__No_pct,2026-03-03T12-15-45+00-00__Yes_pct,2026-03-03T12-15-45+00-00__volume24hr_usd,2026-03-03T13-28-25+00-00__No_pct,2026-03-03T13-28-25+00-00__Yes_pct,2026-03-03T13-28-25+00-00__volume24hr_usd,2026-03-03T14-19-45+00-00__No_pct,2026-03-03T14-19-45+00-00__Yes_pct,2026-03-03T14-19-45+00-00__volume24hr_usd,2026-03-03T15-20-48+00-00__No_pct,2026-03-03T15-20-48+00-00__Yes_pct,2026-03-03T15-20-48+00-00__volume24hr_usd,2026-03-03T16-19-25+00-00__No_pct,2026-03-03T16-19-25+00-00__Yes_pct,2026-03-03T16-19-25+00-00__volume24hr_usd,2026-03-03T17-19-26+00-00__No_pct,2026-03-03T17-19-26+00-00__Yes_pct,2026-03-03T17-19-26+00-00__volume24hr_usd,2026-03-03T18-18-50+00-00__No_pct,2026-03-03T18-18-50+00-00__Yes_pct,2026-03-03T18-18-50+00-00__volume24hr_usd,2026-03-03T19-19-16+00-00__No_pct,2026-03-03T19-19-16+00-00__Yes_pct,2026-03-03T19-19-16+00-00__volume24hr_usd,2026-03-03T20-11-06+00-00__No_pct,2026-03-03T20-11-06+00-00__Yes_pct,2026-03-03T20-11-06+00-00__volume24hr_usd,2026-03-03T21-12-49+00-00__No_pct,2026-03-03T21-12-49+00-00__Yes_pct,2026-03-03T21-12-49+00-00__volume24hr_usd,2026-03-03T22-09-25+00-00__No_pct,2026-03-03T22-09-25+00-00__Yes_pct,2026-03-03T22-09-25+00-00__volume24hr_usd,2026-03-03T23-08-55+00-00__No_pct,2026-03-03T23-08-55+00-00__Yes_pct,2026-03-03T23-08-55+00-00__volume24hr_usd,2026-03-04T00-30-55+00-00__No_pct,2026-03-04T00-30-55+00-00__Yes_pct,2026-03-04T00-30-55+00-00__volume24hr_usd,2026-03-04T01-37-03+00-00__No_pct,2026-03-04T01-37-03+00-00__Yes_pct,2026-03-04T01-37-03+00-00__volume24hr_usd,2026-03-04T03-00-07+00-00__No_pct,2026-03-04T03-00-07+00-00__Yes_pct,2026-03-04T03-00-07+00-00__volume24hr_usd,2026-03-04T03-52-53+00-00__No_pct,2026-03-04T03-52-53+00-00__Yes_pct,2026-03-04T03-52-53+00-00__volume24hr_usd,2026-03-04T04-35-52+00-00__No_pct,2026-03-04T04-35-52+00-00__Yes_pct,2026-03-04T04-35-52+00-00__volume24hr_usd,2026-03-04T05-22-25+00-00__No_pct,2026-03-04T05-22-25+00-00__Yes_pct,2026-03-04T05-22-25+00-00__volume24hr_usd,2026-03-04T06-18-57+00-00__No_pct,2026-03-04T06-18-57+00-00__Yes_pct,2026-03-04T06-18-57+00-00__volume24hr_usd,2026-03-04T07-19-12+00-00__No_pct,2026-03-04T07-19-12+00-00__Yes_pct,2026-03-04T07-19-12+00-00__volume24hr_usd,2026-03-04T08-13-22+00-00__No_pct,2026-03-04T08-13-22+00-00__Yes_pct,2026-03-04T08-13-22+00-00__volume24hr_usd,2026-03-04T09-16-33+00-00__No_pct,2026-03-04T09-16-33+00-00__Yes_pct,2026-03-04T09-16-33+00-00__volume24hr_usd,2026-03-04T10-14-24+00-00__No_pct,2026-03-04T10-14-24+00-00__Yes_pct,2026-03-04T10-14-24+00-00__volume24hr_usd,2026-03-04T11-12-39+00-00__No_pct,2026-03-04T11-12-39+00-00__Yes_pct,2026-03-04T11-12-39+00-00__volume24hr_usd,2026-03-04T12-15-11+00-00__No_pct,2026-03-04T12-15-11+00-00__Yes_pct,2026-03-04T12-15-11+00-00__volume24hr_usd,2026-03-04T13-27-36+00-00__No_pct,2026-03-04T13-27-36+00-00__Yes_pct,2026-03-04T13-27-36+00-00__volume24hr_usd,2026-03-04T14-18-13+00-00__No_pct,2026-03-04T14-18-13+00-00__Yes_pct,2026-03-04T14-18-13+00-00__volume24hr_usd,2026-03-04T15-16-17+00-00__No_pct,2026-03-04T15-16-17+00-00__Yes_pct,2026-03-04T15-16-17+00-00__volume24hr_usd,2026-03-04T16-14-55+00-00__No_pct,2026-03-04T16-14-55+00-00__Yes_pct,2026-03-04T16-14-55+00-00__volume24hr_usd,2026-03-04T17-17-43+00-00__No_pct,2026-03-04T17-17-43+00-00__Yes_pct,2026-03-04T17-17-43+00-00__volume24hr_usd,2026-03-04T18-17-50+00-00__No_pct,2026-03-04T18-17-50+00-00__Yes_pct,2026-03-04T18-17-50+00-00__volume24hr_usd,2026-03-04T19-18-26+00-00__No_pct,2026-03-04T19-18-26+00-00__Yes_pct,2026-03-04T19-18-26+00-00__volume24hr_usd,2026-03-04T20-11-30+00-00__No_pct,2026-03-04T20-11-30+00-00__Yes_pct,2026-03-04T20-11-30+00-00__volume24hr_usd,2026-03-04T21-11-42+00-00__No_pct,2026-03-04T21-11-42+00-00__Yes_pct,2026-03-04T21-11-42+00-00__volume24hr_usd,2026-03-04T22-10-20+00-00__No_pct,2026-03-04T22-10-20+00-00__Yes_pct,2026-03-04T22-10-20+00-00__volume24hr_usd,2026-03-04T23-10-57+00-00__No_pct,2026-03-04T23-10-57+00-00__Yes_pct,2026-03-04T23-10-57+00-00__volume24hr_usd,2026-03-05T00-31-52+00-00__No_pct,2026-03-05T00-31-52+00-00__Yes_pct,2026-03-05T00-31-52+00-00__volume24hr_usd,2026-03-05T01-37-20+00-00__No_pct,2026-03-05T01-37-20+00-00__Yes_pct,2026-03-05T01-37-20+00-00__volume24hr_usd,2026-03-05T03-02-10+00-00__No_pct,2026-03-05T03-02-10+00-00__Yes_pct,2026-03-05T03-02-10+00-00__volume24hr_usd,2026-03-05T04-36-43+00-00__No_pct,2026-03-05T04-36-43+00-00__Yes_pct,2026-03-05T04-36-43+00-00__volume24hr_usd,2026-03-05T05-24-45+00-00__No_pct,2026-03-05T05-24-45+00-00__Yes_pct,2026-03-05T05-24-45+00-00__volume24hr_usd,2026-03-05T06-20-39+00-00__No_pct,2026-03-05T06-20-39+00-00__Yes_pct,2026-03-05T06-20-39+00-00__volume24hr_usd,2026-03-05T07-21-04+00-00__No_pct,2026-03-05T07-21-04+00-00__Yes_pct,2026-03-05T07-21-04+00-00__volume24hr_usd,2026-03-05T08-14-42+00-00__No_pct,2026-03-05T08-14-42+00-00__Yes_pct,2026-03-05T08-14-42+00-00__volume24hr_usd
tech,676784,anduril-ipo-before-2027,Anduril IPO before 2027?,2026-12-31,,,,,,,,,,70.0,30.0,49255.645240,71.5,28.5,49255.645240,74.5,25.5,49255.645240,74.5,25.5,49255.645240,72.5,27.5,49255.645240,71.0,29.0,49255.645240,70.5,29.5,49255.645240,72.0,28.0,49255.645240,71.5,28.5,49253.190000,68.5,31.5,49253.190000,71.0,29.0,49253.190000,71.5,28.5,49253.190000,71.0,29.0,49253.190000,70.0,30.0,49253.190000,71.5,28.5,49253.190000,71.5,28.5,97711.794666,71.5,28.5,97711.794666,72.0,28.0,97711.794666,71.5,28.5,97711.794666,72.5,27.5,97711.794666,72.0,28.0,97711.794666,71.5,28.5,97711.794666,73.5,26.5,97711.794666,73.5,26.5,49137.083969,73.5,26.5,49137.083969,73.5,26.5,49137.083969,74.0,26.0,49137.083969,72.0,28.0,49137.083969,73.0,27.0,49137.083969,71.5,28.5,49137.083969,67.5,32.5,49767.817374,67.5,32.5,49767.817374,67.5,32.5,49767.817374,65.5,34.5,49767.817374,52.5,47.5,49767.817374,60.5,39.5,49767.817374,61.5,38.5,49767.817374,67.0,33.0,49767.817374,66.5,33.5,49767.817374,,,,,,,,,,,,,,,,,,,,,,,,,,,,,,,,,,,,,,,,,,,,,,,,,,,,,,,,,,,,,,,,,,,,,
tech,1460857,anthropic-ceo-arrested,Anthropic CEO arrested?,2026-06-30,95.55,4.45,18782.758172,95.25,4.75,18782.758172,95.25,4.75,18782.758172,,,,,,,,,,,,,,,,,,,,,,,,,,,,,,,,,,,,,,,,,,,,,,,,,,,,,,,,,,,,,,,,,,,,,,,,,,,,,,,,,,,,,,,,,,,,,,,,,,,,,,,,,,,,,,,,,,,,,,,,,,,,,,,,,,,,,,,,,,,,,,,,,,,,,,,,,,,,,,,,,,,,,,,,,,,,,,,,,,,,,,,,,,
tech,1360940,deepseek-v4-released-by-march-15-678,DeepSeek V4 released by March 15?,2026-03-31,29.5,70.5,72433.444849,29.5,70.5,72433.444849,29.5,70.5,72433.444849,29.5,70.5,56462.847236,29.0,71.0,56462.847236,28.5,71.5,56462.847236,28.5,71.5,56462.847236,28.5,71.5,56462.847236,29.5,70.5,56462.847236,29.5,70.5,56462.847236,29.5,70.5,56462.847236,31.0,69.0,49708.134821,33.5,66.5,49708.134821,34.0,66.0,49708.134821,34.5,65.5,49708.134821,36.0,64.0,49708.134821,35.5,64.5,49708.134821,34.5,65.5,49708.134821,34.5,65.5,42977.990529,35.5,64.5,42977.990529,36.5,63.5,42977.990529,38.0,62.0,42977.990529,58.5,41.5,42977.990529,58.0,42.0,42977.990529,51.5,48.5,42977.990529,56.5,43.5,42977.990529,58.5,41.5,70213.812461,56.5,43.5,70213.812461,54.0,46.0,70213.812461,52.0,48.0,70213.812461,51.5,48.5,70213.812461,51.5,48.5,70213.812461,50.5,49.5,70213.812461,48.5,51.5,78480.335114,46.0,54.0,78480.335114,48.5,51.5,78480.335114,43.0,57.0,78480.335114,43.5,56.5,78480.335114,43.5,56.5,78480.335114,43.0,57.0,78480.335114,44.0,56.0,78480.335114,45.0,55.0,78480.335114,49.5,50.5,72050.304904,50.5,49.5,72050.304904,46.5,53.5,72050.304904,48.0,52.0,72050.304904,45.0,55.0,72050.304904,42.5,57.5,72050.304904,42.0,58.0,72050.304904,49.5,50.5,72050.304904,56.5,43.5,46526.632602,55.0,45.0,46526.632602,52.0,48.0,46526.632602,52.0,48.0,46526.632602,48.5,51.5,46526.632602,48.5,51.5,46526.632602,48.0,52.0,46526.632602,49.0,51.0,61670.363386,48.0,52.0,61670.363386,47.5,52.5,61670.363386,46.5,53.5,61670.363386,43.5,56.5,61670.363386,44.0,56.0,61670.363386,44.5,55.5,61670.363386,45.5,54.5,61670.363386
tech,676777,discord-ipo-before-2027,Discord IPO before 2027?,2026-12-31,,,,,,,,,,,,,,,,,,,,,,,,,,,,,,,,,,,,,,,,,,,,,,,,,,,,,,,,,,,,,,,,,,,,,,,,,,,,,,,,,,,,,,,,,,,,,,,,,,,,,,,,,,,,,,,,,,,,,,,,,,,,,,,,,,,,,,,,,,,,,,,,,,,,,,,19.25,80.75,27760.211330,19.2,80.8,27760.211330,19.25,80.75,27760.211330,18.95,81.05,27760.211330,18.7,81.3,27760.211330,18.5,81.5,27760.211330,18.05,81.95,27760.211330,18.05,81.95,29394.814380,17.9,82.1,29394.814380,17.9,82.1,29394.814380,17.85,82.15,29394.814380,17.85,82.15,29394.814380,17.85,82.15,29394.814380,17.9,82.1,29394.814380,18.2,81.8,29394.814380
tech,1162139,fda-approves-retatrutide-this-year,FDA approves Retatrutide this year?,2026-12-31,70.5,29.5,52283.451350,70.5,29.5,52283.451350,70.5,29.5,52283.451350,75.0,25.0,52322.640458,76.0,24.0,52322.640458,76.0,24.0,52322.640458,74.0,26.0,52322.640458,73.5,26.5,52322.640458,76.0,24.0,52322.640458,76.0,24.0,52322.640458,77.5,22.5,52322.640458,77.5,22.5,52679.479659,79.5,20.5,52679.479659,80.5,19.5,52679.479659,80.5,19.5,52679.479659,81.5,18.5,52679.479659,81.5,18.5,52679.479659,81.5,18.5,52679.479659,81.5,18.5,52835.446937,81.5,18.5,52835.446937,81.5,18.5,52835.446937,81.5,18.5,52835.446937,82.0,18.0,52835.446937,81.5,18.5,52835.446937,81.5,18.5,52835.446937,81.5,18.5,52835.446937,81.5,18.5,52881.217829,81.5,18.5,52881.217829,81.5,18.5,52881.217829,83.0,17.0,52881.217829,83.5,16.5,52881.217829,83.5,16.5,52881.217829,83.5,16.5,52881.217829,88.0,12.0,52728.408628,88.0,12.0,52728.408628,83.5,16.5,52728.408628,84.5,15.5,52728.408628,84.5,15.5,52728.408628,84.0,16.0,52728.408628,83.5,16.5,52728.408628,83.5,16.5,52728.408628,83.0,17.0,52728.408628,,,,,,,,,,,,,,,,,,,,,,,,,,,,,,,,,,,,,,,,,,,,,,,,,,,,,,,,,,,,,,,,,,,,,
tech,1436019,gpt-5pt3-released-by-march-15-2026-733,"GPT-5.3 released by March 15, 2026?",2026-03-15,,,,,,,,,,,,,,,,,,,,,,,,,,,,,,,,,,,,,,,,,,,,,,,,,,,,,,,,,,,,,,,,,,,,,,,,,,,,,,,,,,,,,,,,,,,,,,,,,,,,0.8,99.2,69802.439208,0.15,99.85,69802.439208,0.05,99.95,69802.439208,0.1,99.9,69802.439208,0.05,99.95,69802.439208,0.05,99.95,69802.439208,0.05,99.95,69802.439208,0.05,99.95,69802.439208,0.1,99.9,69802.439208,0.15,99.85,165876.230851,0.15,99.85,165876.230851,0.15,99.85,165876.230851,0.15,99.85,165876.230851,0.15,99.85,165876.230851,0.15,99.85,165876.230851,0.15,99.85,165876.230851,0.15,99.85,165876.230851,0.15,99.85,194223.470834,0.15,99.85,194223.470834,0.15,99.85,194223.470834,0.15,99.85,194223.470834,0.15,99.85,194223.470834,0.05,99.95,194223.470834,0.1,99.9,194223.470834,0.05,99.95,185319.563237,0.05,99.95,185319.563237,0.05,99.95,185319.563237,0.05,99.95,185319.563237,0.05,99.95,185319.563237,0.05,99.95,185319.563237,0.05,99.95,185319.563237,0.05,99.95,185319.563237
tech,1370552,gpt-5pt3-released-by-march-31-2026-735-745-742,"GPT-5.3 released by March 31, 2026?",2026-03-31,4.25,95.75,18110.182520,4.75,95.25,18110.182520,4.6,95.4,18110.182520,,,,,,,,,,,,,,,,,,,,,,,,,,,,,,,,,,,,,,,,,,,,,,,,,,,,,,,,,,,,,,,,,,,,,,9.1,90.9,32531.266079,0.75,99.25,32531.266079,1.15,98.85,32531.266079,0.6,99.4,32531.266079,0.05,99.95,32531.266079,0.1,99.9,32531.266079,0.05,99.95,32531.266079,,,,,,,,,,,,,,,,,,,,,,,,,,,,,,,,,,,,,,,,,,,,,,,,,,,,,,,,,,,,,,,,,,,,,,,,,,,,,,,,,,,,,,,,,,,,,,,,
tech,1436014,gpt-5pt3-released-by-march-8-2026,"GPT-5.3 released by March 8, 2026?",2026-03-08,33.5,66.5,32328.829650,32.5,67.5,32328.829650,30.0,70.0,32328.829650,22.5,77.5,37274.098197,26.5,73.5,37274.098197,28.5,71.5,37274.098197,24.5,75.5,37274.098197,27.5,72.5,37274.098197,29.0,71.0,37274.098197,30.5,69.5,37274.098197,29.0,71.0,37274.098197,26.0,74.0,36956.402562,28.5,71.5,36956.402562,24.5,75.5,36956.402562,25.5,74.5,36956.402562,25.5,74.5,36956.402562,25.5,74.5,36956.402562,26.0,74.0,36956.402562,26.5,73.5,39847.595398,25.5,74.5,39847.595398,26.0,74.0,39847.595398,18.0,82.0,39847.595398,26.5,73.5,39847.595398,28.5,71.5,39847.595398,20.0,80.0,39847.595398,31.5,68.5,39847.595398,23.0,77.0,60214.324605,5.5,94.5,60214.324605,5.3,94.7,60214.324605,3.85,96.15,60214.324605,0.25,99.75,60214.324605,0.15,99.85,60214.324605,0.15,99.85,60214.324605,0.55,99.45,608255.519391,0.15,99.85,608255.519391,0.1,99.9,608255.519391,0.1,99.9,608255.519391,0.05,99.95,608255.519391,0.15,99.85,608255.519391,0.3,99.7,608255.519391,0.15,99.85,608255.519391,0.3,99.7,608255.519391,0.2,99.8,791740.248838,0.25,99.75,791740.248838,0.15,99.85,791740.248838,0.15,99.85,791740.248838,0.15,99.85,791740.248838,0.15,99.85,791740.248838,0.25,99.75,791740.248838,0.15,99.85,791740.248838,0.15,99.85,1088436.512114,0.15,99.85,1088436.512114,0.25,99.75,1088436.512114,0.15,99.85,1088436.512114,0.15,99.85,1088436.512114,0.15,99.85,1088436.512114,0.15,99.85,1088436.512114,0.05,99.95,682810.737841,0.05,99.95,682810.737841,0.05,99.95,682810.737841,0.05,99.95,682810.737841,0.05,99.95,682810.737841,0.05,99.95,682810.737841,0.05,99.95,682810.737841,0.05,99.95,682810.737841
tech,1298657,openai-ipo-closing-market-cap-above-1pt2t,OpenAI IPO closing market cap above $1.2T?,2027-12-31,,,,,,,,,,,,,,,,,,,,,,,,,,,,,,,,,,,,,,,,,,,,,,,,,,,,,,,64.5,35.5,135739.505651,64.5,35.5,135739.505651,58.0,42.0,135739.505651,50.5,49.5,135739.505651,49.0,51.0,135739.505651,53.5,46.5,135739.505651,52.5,47.5,135739.505651,53.0,47.0,135739.505651,55.5,44.5,136114.806091,56.0,44.0,136114.806091,57.0,43.0,136114.806091,52.0,48.0,136114.806091,57.0,43.0,136114.806091,52.5,47.5,136114.806091,52.0,48.0,136114.806091,57.5,42.5,136307.232379,56.5,43.5,136307.232379,62.0,38.0,136307.232379,62.0,38.0,136307.232379,62.0,38.0,136307.232379,61.5,38.5,136307.232379,60.0,40.0,136307.232379,60.0,40.0,136307.232379,60.5,39.5,136307.232379,60.5,39.5,27688.882379,60.5,39.5,27688.882379,60.5,39.5,27688.882379,60.5,39.5,27688.882379,60.5,39.5,27688.882379,61.5,38.5,27688.882379,59.0,41.0,27688.882379,59.0,41.0,27688.882379,59.0,41.0,27288.986288,59.5,40.5,27288.986288,59.5,40.5,27288.986288,60.0,40.0,27288.986288,60.0,40.0,27288.986288,60.0,40.0,27288.986288,60.0,40.0,27288.986288,59.5,40.5,27210.283413,59.5,40.5,27210.283413,58.5,41.5,27210.283413,57.5,42.5,27210.283413,57.5,42.5,27210.283413,57.5,42.5,27210.283413,57.5,42.5,27210.283413,57.5,42.5,27210.283413
tech,631142,will-alibaba-have-the-best-ai-model-at-the-end-of-june-2026,Will Alibaba have the best AI model at the end of June 2026?,2026-06-30,,,,,,,,,,,,,,,,,,,,,,,,,,,,,,,,,,,,,,,,,,,,,,,,,,,,,,,,,,,,,,,,,,,,,,,,,,,,,,,,,,,,,,,,,,,,,,,,,,,,,,,,,,,,,,,,98.8,1.2,29133.580689,98.8,1.2,29133.580689,98.85,1.15,29133.580689,98.8,1.2,29133.580689,98.8,1.2,29133.580689,98.85,1.15,30117.160689,98.95,1.05,30117.160689,98.95,1.05,30117.160689,98.95,1.05,30117.160689,98.95,1.05,30117.160689,98.95,1.05,30117.160689,98.95,1.05,30117.160689,99.05,0.95,30117.160689,,,,,,,,,,,,,,,,,,,,,,,,,,,,,,,,,,,,,,,,,,,,,
tech,801451,will-alibaba-have-the-best-ai-model-at-the-end-of-march-2026-712,Will Alibaba have the best AI model at the end of March 2026?,2026-03-31,99.75,0.25,26123.994500,99.75,0.25,26123.994500,99.75,0.25,26123.994500,,,,,,,,,,,,,,,,,,,,,,,,,,,,,,,,,,,,,,,,,,,,,,,,,,,,,,,,,,,,,,,,,,,,,,,,,,,,,,,,,,,,,,,,,,,,,,,,,,,,,,,,,,,,,,,,,,,,,,,,,,,,,,,,,,,,,,,,,,,,,,,,,,,,,,,,,,,,,,,,,,,,,,,,,,,,,,,,,,,,,,,,,,
tech,631123,will-alibaba-have-the-top-ai-model-at-the-end-of-june-2026-248,Will Alibaba have the top AI model at the end of June 2026?,2026-06-30,,,,,,,,,,97.65,2.35,41688.980000,97.65,2.35,41688.980000,97.65,2.35,41688.980000,97.65,2.35,41688.980000,97.65,2.35,41688.980000,97.65,2.35,41688.980000,97.65,2.35,41688.980000,97.65,2.35,41688.980000,97.65,2.35,41815.240000,97.65,2.35,41815.240000,97.65,2.35,41815.240000,97.65,2.35,41815.240000,97.65,2.35,41815.240000,97.65,2.35,41815.240000,97.8,2.2,41815.240000,97.8,2.2,41726.240738,97.85,2.15,41726.240738,97.85,2.15,41726.240738,98.05,1.95,41726.240738,98.05,1.95,41726.240738,98.05,1.95,41726.240738,98.05,1.95,41726.240738,98.05,1.95,41726.240738,,,,,,,,,,,,,,,,,,,,,,,,,,,,,,,,,,,,,,,,,,,,,,,,,,,,,,,,,,,,,,,,,,,,,,,,,,,,,,,,,,,,,,,,,,,,,,,,,,,,,,,,,,,,,,,,,,,,,
tech,676713,will-alphabet-be-the-largest-company-in-the-world-by-market-cap-on-march-31,Will Alphabet be the largest company in the world by market cap on March 31?,2026-03-31,,,,,,,,,,,,,,,,,,,,,,,,,,,,,,,,,,98.5,1.5,40768.940595,98.45,1.55,40768.940595,98.1,1.9,40768.940595,98.1,1.9,40768.940595,98.3,1.7,40768.940595,98.1,1.9,40768.940595,97.6,2.4,40768.940595,97.6,2.4,48607.356216,97.65,2.35,48607.356216,98.1,1.9,48607.356216,98.05,1.95,48607.356216,98.2,1.8,48607.356216,98.1,1.9,48607.356216,98.1,1.9,48607.356216,98.3,1.7,48607.356216,98.25,1.75,54398.908515,98.15,1.85,54398.908515,97.7,2.3,54398.908515,97.6,2.4,54398.908515,97.4,2.6,54398.908515,97.45,2.55,54398.908515,97.6,2.4,54398.908515,97.9,2.1,36938.169076,98.0,2.0,36938.169076,98.2,1.8,36938.169076,98.15,1.85,36938.169076,98.2,1.8,36938.169076,98.4,1.6,36938.169076,98.3,1.7,36938.169076,98.4,1.6,36938.169076,98.35,1.65,36938.169076,98.4,1.6,33232.481276,98.3,1.7,33232.481276,98.3,1.7,33232.481276,98.3,1.7,33232.481276,98.25,1.75,33232.481276,98.35,1.65,33232.481276,98.7,1.3,33232.481276,98.7,1.3,33232.481276,98.55,1.45,34897.456745,98.55,1.45,34897.456745,98.65,1.35,34897.456745,98.55,1.45,34897.456745,98.65,1.35,34897.456745,98.65,1.35,34897.456745,98.65,1.35,34897.456745,98.65,1.35,21957.412510,,,,,,,,,,,,,,,,,,,,,
tech,676716,will-amazon-be-the-largest-company-in-the-world-by-market-cap-on-march-31-453,Will Amazon be the largest company in the world by market cap on March 31?,2026-03-31,99.85,0.15,127018.534602,99.85,0.15,127018.534602,99.85,0.15,127018.534602,99.85,0.15,116959.206749,99.8,0.2,116959.206749,99.85,0.15,116959.206749,99.85,0.15,116959.206749,99.85,0.15,116959.206749,99.85,0.15,116959.206749,99.85,0.15,116959.206749,99.85,0.15,116959.206749,99.85,0.15,118263.217583,99.85,0.15,118263.217583,99.85,0.15,118263.217583,99.85,0.15,118263.217583,99.85,0.15,118263.217583,99.85,0.15,118263.217583,99.85,0.15,118263.217583,,,,,,,,,,,,,,,,,,,,,,,,,99.85,0.15,35042.101500,99.85,0.15,35042.101500,99.85,0.15,35042.101500,99.85,0.15,35042.101500,99.85,0.15,35042.101500,99.85,0.15,35042.101500,99.85,0.15,35042.101500,,,,,,,,,,,,,,,,,,,,,,,,,,,,99.85,0.15,32827.125000,99.85,0.15,32827.125000,99.85,0.15,32827.125000,99.85,0.15,32827.125000,99.85,0.15,32827.125000,99.85,0.15,32827.125000,99.85,0.15,32827.125000,99.85,0.15,32827.125000,99.85,0.15,36710.883000,99.85,0.15,36710.883000,99.85,0.15,36710.883000,99.85,0.15,36710.883000,99.85,0.15,36710.883000,99.85,0.15,36710.883000,99.85,0.15,36710.883000,99.85,0.15,32991.308000,99.85,0.15,32991.308000,99.85,0.15,32991.308000,99.85,0.15,32991.308000,99.85,0.15,32991.308000,99.85,0.15,32991.308000,99.85,0.15,32991.308000,99.85,0.15,32991.308000
tech,631140,will-anthropic-have-the-best-ai-model-at-the-end-of-june-2026,Will Anthropic have the best AI model at the end of June 2026?,2026-06-30,,,,,,,,,,,,,,,,,,,,,,,,,,,,,,,,,,,,,,,,,,,,,,,,,,,,,,,,,,,,,,,,,,,,,,,,,,,,,,,,,,,,,,,,,,,,,,,,,,,,,,,,,,,,,,,,,,,,,,,,,,,,,,,,,,,,,,,,,,,,,,,,,,,,,,,66.5,33.5,84518.017574,66.1,33.9,84518.017574,65.9,34.1,84518.017574,65.35,34.65,84518.017574,65.25,34.75,84518.017574,65.25,34.75,84518.017574,65.25,34.75,84518.017574,65.25,34.75,84062.485137,65.25,34.75,84062.485137,65.15,34.85,84062.485137,65.15,34.85,84062.485137,65.15,34.85,84062.485137,65.3,34.7,84062.485137,65.3,34.7,84062.485137,65.65,34.35,84062.485137
tech,608404,will-anthropics-market-cap-be-less-than-100b-at-market-close-on-ipo-day,Will Anthropic’s market cap be less than $100B at market close on IPO day?,2026-06-30,,,,,,,,,,99.45,0.55,24451.542000,99.5,0.5,24451.542000,99.45,0.55,24451.542000,99.45,0.55,24451.542000,99.5,0.5,24451.542000,99.45,0.55,24451.542000,99.45,0.55,24451.542000,99.5,0.5,24735.627000,99.55,0.45,24735.627000,99.55,0.45,24735.627000,99.55,0.45,24735.627000,99.55,0.45,24735.627000,99.55,0.45,24735.627000,99.55,0.45,24735.627000,99.55,0.45,24735.627000,,,,,,,,,,,,,,,,,,,,,,,,,,,,,,,,,,,,,,,,,,,,,,,,,,,,,,,,,,,,,,,,,,,,,,,,,,,,,,,,,,,,,,,,,,,,,,,,,,,,,,,,,,,,,,,,,,,,,,,,,,,,,,,,,,,,,,,,,,,,,
tech,676712,will-apple-be-the-largest-company-in-the-world-by-market-cap-on-march-31-336,Will Apple be the largest company in the world by market cap on March 31?,2026-03-31,,,,,,,,,,95.3,4.7,26300.534829,95.3,4.7,26300.534829,96.45,3.55,26300.534829,96.6,3.4,26300.534829,97.5,2.5,26300.534829,96.7,3.3,26300.534829,97.25,2.75,26300.534829,97.15,2.85,38192.707668,96.55,3.45,38192.707668,96.4,3.6,38192.707668,96.05,3.95,38192.707668,95.9,4.1,38192.707668,95.95,4.05,38192.707668,95.95,4.05,38192.707668,95.3,4.7,38192.707668,95.6,4.4,57811.682804,95.45,4.55,57811.682804,95.5,4.5,57811.682804,95.05,4.95,57811.682804,95.55,4.45,57811.682804,95.45,4.55,57811.682804,95.45,4.55,57811.682804,95.5,4.5,57811.682804,95.35,4.65,51598.051548,95.25,4.75,51598.051548,95.35,4.65,51598.051548,95.35,4.65,51598.051548,95.6,4.4,51598.051548,95.5,4.5,51598.051548,95.45,4.55,51598.051548,95.6,4.4,63050.436248,95.5,4.5,63050.436248,95.55,4.45,63050.436248,95.45,4.55,63050.436248,95.2,4.8,63050.436248,95.65,4.35,63050.436248,95.65,4.35,63050.436248,95.6,4.4,63050.436248,95.75,4.25,63050.436248,95.45,4.55,67263.667535,95.55,4.45,67263.667535,96.0,4.0,67263.667535,96.3,3.7,67263.667535,96.35,3.65,67263.667535,96.2,3.8,67263.667535,96.45,3.55,67263.667535,96.45,3.55,67263.667535,96.45,3.55,81871.198908,96.45,3.55,81871.198908,96.6,3.4,81871.198908,96.6,3.4,81871.198908,96.6,3.4,81871.198908,96.55,3.45,81871.198908,96.7,3.3,81871.198908,96.5,3.5,66306.656055,96.55,3.45,66306.656055,96.8,3.2,66306.656055,96.85,3.15,66306.656055,96.7,3.3,66306.656055,96.85,3.15,66306.656055,96.8,3.2,66306.656055,96.8,3.2,66306.656055
tech,694937,will-bp-be-acquired-before-2027-549,Will BP be acquired before 2027?,2026-12-31,,,,,,,,,,,,,,,,,,,,,,,,,,,,,,,,,,,,,,,,,,,,,,,,,,,,,,,70.5,29.5,51588.844000,69.0,31.0,51588.844000,68.0,32.0,51588.844000,69.0,31.0,51588.844000,68.5,31.5,51588.844000,69.0,31.0,51588.844000,69.5,30.5,51588.844000,69.5,30.5,51588.844000,68.0,32.0,53121.510110,67.5,32.5,53121.510110,67.5,32.5,53121.510110,72.0,28.0,53121.510110,73.5,26.5,53121.510110,72.5,27.5,53121.510110,73.5,26.5,53121.510110,73.0,27.0,53180.771158,73.0,27.0,53180.771158,74.5,25.5,53180.771158,73.5,26.5,53180.771158,73.5,26.5,53180.771158,73.5,26.5,53180.771158,73.5,26.5,53180.771158,73.5,26.5,53180.771158,73.5,26.5,53180.771158,73.5,26.5,53131.927158,73.5,26.5,53131.927158,73.5,26.5,53131.927158,73.5,26.5,53131.927158,73.5,26.5,53131.927158,73.5,26.5,53131.927158,73.5,26.5,53131.927158,73.5,26.5,53131.927158,72.5,27.5,51591.641048,72.5,27.5,51591.641048,72.5,27.5,51591.641048,72.5,27.5,51591.641048,72.5,27.5,51591.641048,72.5,27.5,51591.641048,70.5,29.5,51591.641048,70.5,29.5,51575.000000,71.0,29.0,51575.000000,70.5,29.5,51575.000000,70.5,29.5,51575.000000,71.0,29.0,51575.000000,71.0,29.0,51575.000000,71.0,29.0,51575.000000,71.0,29.0,51575.000000
tech,801452,will-baidu-have-the-best-ai-model-at-the-end-of-march-2026-986,Will Baidu have the best AI model at the end of March 2026?,2026-03-31,99.7,0.3,26346.366500,99.7,0.3,26346.366500,99.7,0.3,26346.366500,99.7,0.3,26500.788000,99.7,0.3,26500.788000,99.7,0.3,26500.788000,99.75,0.25,26500.788000,99.75,0.25,26500.788000,99.75,0.25,26500.788000,99.75,0.25,26500.788000,99.75,0.25,26500.788000,99.75,0.25,26234.688000,99.75,0.25,26234.688000,99.75,0.25,26234.688000,99.75,0.25,26234.688000,99.75,0.25,26234.688000,99.75,0.25,26234.688000,99.75,0.25,26234.688000,,,,,,,,,,,,,,,,,,,,,,,,,,,,,,,,,,,,,,,,,,,,,,,,,,,,,,,,,,,,,,,,,,,,,,,,,99.8,0.2,32706.204994,99.8,0.2,32706.204994,99.8,0.2,32706.204994,99.8,0.2,32706.204994,99.8,0.2,32706.204994,99.8,0.2,32706.204994,99.8,0.2,32706.204994,99.75,0.25,32706.204994,99.75,0.25,51897.770161,99.75,0.25,51897.770161,99.75,0.25,51897.770161,99.75,0.25,51897.770161,99.75,0.25,51897.770161,99.75,0.25,51897.770161,99.75,0.25,51897.770161,99.75,0.25,45955.214833,99.75,0.25,45955.214833,99.8,0.2,45955.214833,99.8,0.2,45955.214833,99.75,0.25,45955.214833,99.75,0.25,45955.214833,99.75,0.25,45955.214833,99.8,0.2,45955.214833
tech,573828,will-claude-5-be-released-by-march-31-2026-243-489-141-184,"Will Claude 5 be released by March 31, 2026?",,,,,,,,,,,,,,,,,,,,,,,,,,,,,,,,,,,,,,,,,,,,,,,,,,,,,,,,,,,,,,,,,,,,,,,,,,,,,,,,,,,,,,,,,,,,,,,,,,,,,,,,,,,,,,,,,,,,,,,,,,,,,,,,,,,,,,,,,,,,,,,,,,,,,,,,,,,,,,,,,,,,,,,,,,,,,,,,90.45,9.55,22479.080240,90.45,9.55,22479.080240,91.15,8.85,22479.080240,93.45,6.55,22479.080240,93.65,6.35,22479.080240,93.65,6.35,22479.080240,92.2,7.8,22479.080240
tech,631145,will-deepseek-have-the-best-ai-model-at-the-end-of-june-2026,Will DeepSeek have the best AI model at the end of June 2026?,2026-06-30,,,,,,,,,,95.9,4.1,22870.745513,95.9,4.1,22870.745513,95.9,4.1,22870.745513,95.95,4.05,22870.745513,96.6,3.4,22870.745513,96.6,3.4,22870.745513,96.5,3.5,22870.745513,96.55,3.45,22870.745513,,,,,,,,,,,,,,,,,,,,,,,,,,,,,,,,,,,,,,,,,,,,,,,,,,,,,,,,,,,,,,,,,,,,,,,,,,,,,,,,,,,,,,,,,,,,,,,,,,,,,,,,,,,,,,,,,,,,,,,,,,,,,,,,,,,,,,,,,,,,,,,,,,,,,,,,,,,,,,,,,,
tech,801455,will-deepseek-have-the-best-ai-model-at-the-end-of-march-2026-113,Will DeepSeek have the best AI model at the end of March 2026?,2026-03-31,97.25,2.75,25657.099892,97.55,2.45,25657.099892,97.35,2.65,25657.099892,97.65,2.35,38672.694528,97.3,2.7,38672.694528,97.6,2.4,38672.694528,97.15,2.85,38672.694528,97.3,2.7,38672.694528,97.3,2.7,38672.694528,97.3,2.7,38672.694528,97.3,2.7,46975.011669,97.4,2.6,46975.011669,97.6,2.4,46975.011669,97.6,2.4,46975.011669,97.65,2.35,46975.011669,97.85,2.15,46975.011669,97.65,2.35,46975.011669,97.65,2.35,46975.011669,97.65,2.35,56439.425077,97.45,2.55,56439.425077,97.65,2.35,56439.425077,97.65,2.35,56439.425077,97.4,2.6,56439.425077,97.7,2.3,56439.425077,97.95,2.05,56439.425077,97.55,2.45,56439.425077,97.5,2.5,53375.549005,97.65,2.35,53375.549005,97.85,2.15,53375.549005,97.5,2.5,53375.549005,97.75,2.25,53375.549005,97.6,2.4,53375.549005,97.65,2.35,53375.549005,97.7,2.3,52724.088004,96.85,3.15,52724.088004,97.1,2.9,52724.088004,97.15,2.85,52724.088004,96.85,3.15,52724.088004,97.05,2.95,52724.088004,97.15,2.85,52724.088004,97.0,3.0,52724.088004,97.25,2.75,52724.088004,97.45,2.55,52514.791424,97.05,2.95,52514.791424,97.0,3.0,52514.791424,97.55,2.45,52514.791424,97.95,2.05,52514.791424,97.9,2.1,52514.791424,96.65,3.35,52514.791424,97.3,2.7,52514.791424,97.5,2.5,46818.713486,97.6,2.4,46818.713486,97.4,2.6,46818.713486,97.35,2.65,46818.713486,97.45,2.55,46818.713486,97.45,2.55,46818.713486,97.6,2.4,46818.713486,97.3,2.7,42424.323439,97.55,2.45,42424.323439,97.65,2.35,42424.323439,97.75,2.25,42424.323439,97.85,2.15,42424.323439,97.8,2.2,42424.323439,97.8,2.2,42424.323439,97.85,2.15,42424.323439
tech,1203147,will-elon-musk-buy-ryanair,Will Elon Musk buy Ryanair?,2026-06-30,98.05,1.95,16887.776741,98.1,1.9,16887.776741,98.05,1.95,16887.776741,,,,,,,,,,,,,,,,,,,,,,,,,,,,,,,,,,,,,,,,,,,,,,,,,,,,,,,,,,,,,,,,,,,,,,,,,,,,,,,,,,,,,,,,,,,,,,,,,,,,,,,,,,,,,,,,,,,,,,,,,,,,,,,,,,,,,,,,,,,,,,,,,,,,,,,,,,,,,,,,,,,,,,,,,,,,,,,,,,,,,,,,,,
tech,801458,will-meituan-have-the-best-ai-model-at-the-end-of-march-2026-469,Will Meituan have the best AI model at the end of March 2026?,2026-03-31,,,,,,,,,,99.85,0.15,25807.516000,99.85,0.15,25807.516000,99.85,0.15,25807.516000,99.85,0.15,25807.516000,99.85,0.15,25807.516000,99.85,0.15,25807.516000,99.85,0.15,25807.516000,99.85,0.15,27379.305000,99.85,0.15,27379.305000,99.85,0.15,27379.305000,99.85,0.15,27379.305000,99.85,0.15,27379.305000,99.85,0.15,27379.305000,99.85,0.15,27379.305000,99.85,0.15,27379.305000,,,,,,,,,,,,,,,,,,,,,,,,,,,,,,,,,,,,,,,,,,,,,,,,,,,,,,,,,,,,,,,,,,,,,,,,,,,,,,,,,,,,,,,,,,,,,,,,,,,,,,,,,,,,,,,,,,,,,,,,,,,,,,,,,,,,,,,,,,,,,
tech,676711,will-microsoft-be-the-largest-company-in-the-world-by-market-cap-on-march-31-889,Will Microsoft be the largest company in the world by market cap on March 31?,2026-03-31,99.85,0.15,175575.653000,99.85,0.15,175575.653000,99.85,0.15,175575.653000,99.85,0.15,175916.472500,99.85,0.15,175916.472500,99.85,0.15,175916.472500,99.85,0.15,175916.472500,99.85,0.15,175916.472500,99.8,0.2,175916.472500,99.85,0.15,175916.472500,99.8,0.2,175916.472500,99.8,0.2,110150.271333,99.8,0.2,110150.271333,99.85,0.15,110150.271333,99.85,0.15,110150.271333,99.85,0.15,110150.271333,99.85,0.15,110150.271333,99.85,0.15,110150.271333,99.85,0.15,83001.930666,99.85,0.15,83001.930666,99.85,0.15,83001.930666,99.85,0.15,83001.930666,99.85,0.15,83001.930666,99.85,0.15,83001.930666,99.85,0.15,83001.930666,99.85,0.15,83001.930666,99.85,0.15,61512.878666,99.85,0.15,61512.878666,99.85,0.15,61512.878666,99.85,0.15,61512.878666,99.85,0.15,61512.878666,99.85,0.15,61512.878666,99.85,0.15,61512.878666,99.85,0.15,40462.121333,99.85,0.15,40462.121333,99.85,0.15,40462.121333,99.85,0.15,40462.121333,99.85,0.15,40462.121333,99.85,0.15,40462.121333,99.8,0.2,40462.121333,99.8,0.2,40462.121333,99.8,0.2,40462.121333,,,,,,,,,,,,,,,,,,,,,,,,,99.85,0.15,28123.144999,99.85,0.15,28123.144999,99.85,0.15,28123.144999,99.85,0.15,28123.144999,99.85,0.15,28123.144999,99.85,0.15,28123.144999,99.85,0.15,28123.144999,99.85,0.15,24224.309999,99.85,0.15,24224.309999,99.8,0.2,24224.309999,99.8,0.2,24224.309999,99.8,0.2,24224.309999,99.8,0.2,24224.309999,99.8,0.2,24224.309999,99.8,0.2,24224.309999
tech,801457,will-mistral-have-the-best-ai-model-at-the-end-of-march-2026-494,Will Mistral have the best AI model at the end of March 2026?,2026-03-31,99.85,0.15,22715.451000,99.85,0.15,22715.451000,99.85,0.15,22715.451000,99.85,0.15,35364.248000,99.85,0.15,35364.248000,99.85,0.15,35364.248000,99.85,0.15,35364.248000,99.85,0.15,35364.248000,99.85,0.15,35364.248000,99.85,0.15,35364.248000,99.85,0.15,35451.747000,99.85,0.15,35451.747000,99.85,0.15,35451.747000,99.85,0.15,35451.747000,99.85,0.15,35451.747000,99.85,0.15,35451.747000,99.85,0.15,35451.747000,99.85,0.15,35451.747000,99.85,0.15,36693.115000,99.85,0.15,36693.115000,99.85,0.15,36693.115000,99.85,0.15,36693.115000,99.85,0.15,36693.115000,99.85,0.15,36693.115000,99.85,0.15,36693.115000,99.85,0.15,36693.115000,,,,,,,,,,,,,,,,,,,,,,,,,,,,,,,,,,,,,,,,,,,,,,,,,,,,,,,,,,,,,,,,,,,,,,,,,,,,,,,,,,,,,,,,,,,,,,,,,,,,,,,,,,,,,,,,,,,,,
tech,801456,will-moonshot-have-the-best-ai-model-at-the-end-of-march-2026-924,Will Moonshot have the best AI model at the end of March 2026?,2026-03-31,99.75,0.25,18638.253500,99.75,0.25,18638.253500,99.75,0.25,18638.253500,,,,,,,,,,,,,,,,,,,,,,,,,,,,,,,,,,,,,,,,,,,,,,,,,,,,,,,,,,,,,,,,,,,,,,,,,,,,,,,,,,,,,,,,,,,,,,,,,,,,,,,,,,,,,,,,,,,,,,,,,,,,,,,,,,,,,,,,,,,,,,,,,,,,,,,,,,,,,,,,,,,,,,,,,,,,,,,,,,,,,,,,,,
tech,631127,will-moonshot-have-the-top-ai-model-at-the-end-of-june-2026,Will Moonshot have the top AI model at the end of June 2026?,2026-06-30,,,,,,,,,,,,,,,,,,,,,,,,,,,,,,,,,,,,,,,,,,,,,,,,,,,,,,,,,,,,,,,,,,,,,,,,,,,,,,,,,,,,,,,,,,,,,,,,,,,,98.9,1.1,44748.058663,99.0,1.0,44748.058663,99.15,0.85,44748.058663,99.15,0.85,44748.058663,99.15,0.85,44748.058663,99.15,0.85,44748.058663,99.15,0.85,44748.058663,99.15,0.85,44748.058663,99.15,0.85,44748.058663,99.15,0.85,45212.186663,99.15,0.85,45212.186663,99.15,0.85,45212.186663,99.15,0.85,45212.186663,99.15,0.85,45212.186663,99.15,0.85,45212.186663,99.15,0.85,45212.186663,99.15,0.85,45212.186663,,,,,,,,,,,,,,,,,,,,,,,,,,,,,,,,,,,,,,,,,,,,,
tech,1425724,will-mrbeasts-million-dollar-puzzle-be-solved-by-march-15,Will MrBeast's million-dollar puzzle be solved by March 15?,2026-02-15,32.0,68.0,26269.270492,31.5,68.5,26269.270492,31.5,68.5,26269.270492,,,,,,,,,,,,,,,,,,,,,,,,,,,,,,,,,,,,,,,,,,,,,,,,,,,,,,,,,,,,,,,,,,,,,,,,,,,,,,,,,,,,,,,,,,,,,,,,,,,,,,,,,,,,,,,,,,,,,,,,,,,,,,,,,,,,,,,,,,,,,,,,,,,,,,,,,,,,,,,,,,,,,,,,,,,,,,,,,,,,,,,,,,
tech,1237452,will-nvidia-be-the-largest-company-in-the-world-by-market-cap-on-february-28-846,Will NVIDIA be the largest company in the world by market cap on February 28?,2026-02-28,0.05,99.95,164242.445734,0.05,99.95,164242.445734,0.05,99.95,164242.445734,0.15,99.85,34623.915163,0.15,99.85,34623.915163,0.15,99.85,34623.915163,0.15,99.85,34623.915163,0.15,99.85,34623.915163,0.15,99.85,34623.915163,0.15,99.85,34623.915163,0.15,99.85,34623.915163,0.15,99.85,123049.136586,0.1,99.9,123049.136586,0.1,99.9,123049.136586,0.1,99.9,123049.136586,0.2,99.8,123049.136586,0.3,99.7,123049.136586,0.35,99.65,123049.136586,0.05,99.95,124936.323883,0.1,99.9,124936.323883,0.05,99.95,124936.323883,0.15,99.85,124936.323883,0.1,99.9,124936.323883,0.05,99.95,124936.323883,0.1,99.9,124936.323883,0.05,99.95,124936.323883,0.05,99.95,148044.576740,0.05,99.95,148044.576740,0.1,99.9,148044.576740,0.15,99.85,148044.576740,0.1,99.9,148044.576740,0.05,99.95,148044.576740,0.05,99.95,148044.576740,0.05,99.95,76386.546579,0.05,99.95,76386.546579,0.05,99.95,76386.546579,0.05,99.95,76386.546579,,,,,,,,,,,,,,,,,,,,,,,,,,,,,,,,,,,,,,,,,,,,,,,,,,,,,,,,,,,,,,,,,,,,,,,,,,,,,,,,,,,,
tech,676710,will-nvidia-be-the-largest-company-in-the-world-by-market-cap-on-march-31-323,Will NVIDIA be the largest company in the world by market cap on March 31?,2026-03-31,8.5,91.5,39871.638661,8.5,91.5,39871.638661,9.0,91.0,39871.638661,8.5,91.5,48229.769782,8.0,92.0,48229.769782,6.5,93.5,48229.769782,6.5,93.5,48229.769782,6.0,94.0,48229.769782,6.5,93.5,48229.769782,6.0,94.0,48229.769782,6.0,94.0,48229.769782,5.0,95.0,59817.399254,5.5,94.5,59817.399254,6.5,93.5,59817.399254,6.5,93.5,59817.399254,6.5,93.5,59817.399254,6.5,93.5,59817.399254,7.0,93.0,59817.399254,7.5,92.5,40431.676801,7.5,92.5,40431.676801,7.5,92.5,40431.676801,7.5,92.5,40431.676801,7.5,92.5,40431.676801,7.5,92.5,40431.676801,8.0,92.0,40431.676801,8.0,92.0,40431.676801,6.5,93.5,56842.580173,6.5,93.5,56842.580173,7.5,92.5,56842.580173,7.5,92.5,56842.580173,7.5,92.5,56842.580173,7.5,92.5,56842.580173,7.0,93.0,56842.580173,6.5,93.5,44645.147311,6.5,93.5,44645.147311,6.5,93.5,44645.147311,6.5,93.5,44645.147311,6.5,93.5,44645.147311,6.5,93.5,44645.147311,6.5,93.5,44645.147311,6.5,93.5,44645.147311,6.5,93.5,44645.147311,6.5,93.5,44150.019721,6.5,93.5,44150.019721,6.5,93.5,44150.019721,5.5,94.5,44150.019721,5.5,94.5,44150.019721,5.5,94.5,44150.019721,6.0,94.0,44150.019721,5.5,94.5,44150.019721,6.5,93.5,37303.563576,6.0,94.0,37303.563576,5.5,94.5,37303.563576,5.5,94.5,37303.563576,5.5,94.5,37303.563576,5.5,94.5,37303.563576,5.5,94.5,37303.563576,5.5,94.5,31658.663671,5.5,94.5,31658.663671,6.0,94.0,31658.663671,5.5,94.5,31658.663671,5.5,94.5,31658.663671,5.0,95.0,31658.663671,5.5,94.5,31658.663671,5.5,94.5,31658.663671
tech,801450,will-openai-have-the-best-ai-model-at-the-end-of-march-2026-562,Will OpenAI have the best AI model at the end of March 2026?,2026-03-31,90.25,9.75,18242.571950,90.05,9.95,18242.571950,89.85,10.15,18242.571950,89.9,10.1,25624.937604,90.2,9.8,25624.937604,90.2,9.8,25624.937604,87.95,12.05,25624.937604,87.4,12.6,25624.937604,87.4,12.6,25624.937604,87.65,12.35,25624.937604,86.65,13.35,27866.825822,87.85,12.15,27866.825822,87.2,12.8,27866.825822,87.75,12.25,27866.825822,87.75,12.25,27866.825822,86.9,13.1,27866.825822,86.85,13.15,27866.825822,87.5,12.5,27866.825822,,,,,,,,,,,,,,,,,,,,,,,,,,,,,,,,,,,,,,,,,,,,,,,,,,,,,,,,,,,,,,,,,,,,,,,,,85.0,15.0,31726.472019,84.95,15.05,31726.472019,85.3,14.7,31726.472019,85.35,14.65,31726.472019,85.2,14.8,31726.472019,85.2,14.8,31726.472019,85.3,14.7,31726.472019,86.5,13.5,31726.472019,,,,,,,,,,,,,,,,,,,,,,,,,,,,,,,,,,,,,,,,,,,,,
tech,676715,will-saudi-aramco-be-the-largest-company-in-the-world-by-market-cap-on-march-31,Will Saudi Aramco be the largest company in the world by market cap on March 31?,2026-03-31,99.3,0.7,45104.366953,99.35,0.65,45104.366953,99.45,0.55,45104.366953,99.4,0.6,42440.884508,99.6,0.4,42440.884508,99.75,0.25,42440.884508,99.75,0.25,42440.884508,99.75,0.25,42440.884508,99.75,0.25,42440.884508,99.75,0.25,42440.884508,99.75,0.25,42440.884508,99.75,0.25,48054.325257,99.75,0.25,48054.325257,99.75,0.25,48054.325257,99.75,0.25,48054.325257,99.75,0.25,48054.325257,99.75,0.25,48054.325257,99.75,0.25,48054.325257,99.75,0.25,41028.214931,99.75,0.25,41028.214931,99.75,0.25,41028.214931,99.75,0.25,41028.214931,99.75,0.25,41028.214931,99.75,0.25,41028.214931,99.6,0.4,41028.214931,99.75,0.25,41028.214931,99.75,0.25,52357.918874,99.7,0.3,52357.918874,99.75,0.25,52357.918874,99.75,0.25,52357.918874,99.75,0.25,52357.918874,99.75,0.25,52357.918874,99.75,0.25,52357.918874,99.75,0.25,47371.625665,99.75,0.25,47371.625665,99.75,0.25,47371.625665,99.75,0.25,47371.625665,99.75,0.25,47371.625665,99.75,0.25,47371.625665,99.75,0.25,47371.625665,99.75,0.25,47371.625665,99.75,0.25,47371.625665,99.75,0.25,43616.613165,99.7,0.3,43616.613165,99.75,0.25,43616.613165,99.75,0.25,43616.613165,99.7,0.3,43616.613165,99.7,0.3,43616.613165,99.75,0.25,43616.613165,99.75,0.25,43616.613165,99.75,0.25,28828.602833,99.75,0.25,28828.602833,99.75,0.25,28828.602833,99.75,0.25,28828.602833,99.75,0.25,28828.602833,99.75,0.25,28828.602833,99.75,0.25,28828.602833,99.75,0.25,27534.408333,99.75,0.25,27534.408333,99.7,0.3,27534.408333,99.7,0.3,27534.408333,99.75,0.25,27534.408333,99.75,0.25,27534.408333,99.75,0.25,27534.408333,99.7,0.3,27534.408333
tech,676714,will-tesla-be-the-largest-company-in-the-world-by-market-cap-on-march-31,Will Tesla be the largest company in the world by market cap on March 31?,2026-03-31,99.85,0.15,90485.486000,99.85,0.15,90485.486000,99.85,0.15,90485.486000,99.85,0.15,107516.327000,99.85,0.15,107516.327000,99.85,0.15,107516.327000,99.85,0.15,107516.327000,99.85,0.15,107516.327000,99.85,0.15,107516.327000,99.85,0.15,107516.327000,99.85,0.15,107516.327000,99.85,0.15,126199.092000,99.85,0.15,126199.092000,99.85,0.15,126199.092000,99.85,0.15,126199.092000,99.85,0.15,126199.092000,99.85,0.15,126199.092000,99.85,0.15,126199.092000,99.85,0.15,122232.657000,99.85,0.15,122232.657000,99.85,0.15,122232.657000,99.85,0.15,122232.657000,99.85,0.15,122232.657000,99.85,0.15,122232.657000,99.85,0.15,122232.657000,99.85,0.15,122232.657000,99.85,0.15,101972.285000,99.85,0.15,101972.285000,99.85,0.15,101972.285000,99.85,0.15,101972.285000,99.85,0.15,101972.285000,99.85,0.15,101972.285000,99.85,0.15,101972.285000,99.85,0.15,81941.090000,99.85,0.15,81941.090000,99.85,0.15,81941.090000,99.85,0.15,81941.090000,99.85,0.15,81941.090000,99.85,0.15,81941.090000,99.85,0.15,81941.090000,99.85,0.15,81941.090000,99.85,0.15,81941.090000,99.85,0.15,71259.176000,99.85,0.15,71259.176000,99.85,0.15,71259.176000,99.85,0.15,71259.176000,99.85,0.15,71259.176000,99.85,0.15,71259.176000,99.85,0.15,71259.176000,99.85,0.15,71259.176000,99.85,0.15,88691.982000,99.85,0.15,88691.982000,99.85,0.15,88691.982000,99.85,0.15,88691.982000,99.85,0.15,88691.982000,99.85,0.15,88691.982000,99.85,0.15,88691.982000,99.85,0.15,79093.596107,99.85,0.15,79093.596107,99.85,0.15,79093.596107,99.85,0.15,79093.596107,99.85,0.15,79093.596107,99.85,0.15,79093.596107,99.85,0.15,79093.596107,99.85,0.15,79093.596107
tech,694938,will-viking-therapeutics-be-acquired-before-2027-542,Will Viking Therapeutics be acquired before 2027?,2026-12-31,,,,,,,,,,,,,,,,,,,,,,,,,,,,,,,,,,,,,,,,,,,,,,,,,,,,,,,37.5,62.5,61739.057860,37.0,63.0,61739.057860,36.5,63.5,61739.057860,36.5,63.5,61739.057860,39.0,61.0,61739.057860,48.5,51.5,61739.057860,41.5,58.5,61739.057860,46.0,54.0,61739.057860,39.5,60.5,63134.980180,49.0,51.0,63134.980180,44.0,56.0,63134.980180,53.0,47.0,63134.980180,54.5,45.5,63134.980180,53.5,46.5,63134.980180,55.0,45.0,63134.980180,54.5,45.5,63515.176577,52.0,48.0,63515.176577,50.5,49.5,63515.176577,47.0,53.0,63515.176577,47.0,53.0,63515.176577,44.5,55.5,63515.176577,44.5,55.5,63515.176577,40.5,59.5,63515.176577,42.0,58.0,63515.176577,44.5,55.5,60261.717234,53.0,47.0,60261.717234,60.5,39.5,60261.717234,64.0,36.0,60261.717234,63.5,36.5,60261.717234,53.0,47.0,60261.717234,39.5,60.5,60261.717234,38.0,62.0,60261.717234,38.5,61.5,60203.736089,38.5,61.5,60203.736089,39.5,60.5,60203.736089,39.5,60.5,60203.736089,39.5,60.5,60203.736089,39.5,60.5,60203.736089,39.5,60.5,60203.736089,43.5,56.5,59529.178475,46.5,53.5,59529.178475,45.5,54.5,59529.178475,44.5,55.5,59529.178475,44.5,55.5,59529.178475,43.0,57.0,59529.178475,43.0,57.0,59529.178475,43.0,57.0,59529.178475
tech,920287,will-zai-have-the-best-ai-model-for-coding-on-march-31,Will Z.ai have the best AI model for coding on March 31?,2026-03-31,,,,,,,,,,,,,,,,,,,,,,,,,,,,,,,,,,,,,,,,,,,,,,,,,,,,,,,99.45,0.55,31252.167500,99.45,0.55,31252.167500,99.45,0.55,31252.167500,99.45,0.55,31252.167500,99.45,0.55,31252.167500,99.45,0.55,31252.167500,99.45,0.55,31252.167500,99.45,0.55,31252.167500,99.45,0.55,31061.070500,99.5,0.5,31061.070500,99.5,0.5,31061.070500,99.5,0.5,31061.070500,99.5,0.5,31061.070500,99.5,0.5,31061.070500,99.5,0.5,31061.070500,99.5,0.5,31205.163700,99.5,0.5,31205.163700,99.5,0.5,31205.163700,99.5,0.5,31205.163700,99.5,0.5,31205.163700,99.5,0.5,31205.163700,99.5,0.5,31205.163700,99.5,0.5,31205.163700,99.5,0.5,31205.163700,,,,,,,,,,,,,,,,,,,,,,,,,,,,,,,,,,,,,,,,,,,,,,,,,,,,,,,,,,,,,,,,,,,,,
tech,631124,will-zai-have-the-top-ai-model-at-the-end-of-june-2026-987,Will Z.ai have the top AI model at the end of June 2026?,2026-06-30,96.95,3.05,22080.000000,96.95,3.05,22080.000000,96.95,3.05,22080.000000,,,,,,,,,,,,,,,,,,,,,,,,,,,,,,,,,,,,,,,,,,,,,,,,,,,,,,,,,,,,,,,,,,,,,,,,,,,,,,,,,,,,,,,,,,,,,,,,,,,,,,,,,,,,,,,,,,,,,,,,,,,,,,,,,,,,,,,,,,,,,,,,,,,,,,,,,,,,,,,,,,,,,,,,,,,,,,,,,,,,,,,,,,
tech,996326,will-xai-have-a-1-ai-model-by-june-30,Will xAI have a #1 AI model by June 30?,2026-06-30,,,,,,,,,,,,,,,,,,,,,,,,,,,,,,,,,,,,,,,,,,,,,,,,,,,,,,,61.0,39.0,78853.345481,59.5,40.5,78853.345481,64.5,35.5,78853.345481,65.5,34.5,78853.345481,64.5,35.5,78853.345481,68.0,32.0,78853.345481,68.0,32.0,78853.345481,68.0,32.0,78853.345481,68.0,32.0,80414.588855,68.5,31.5,80414.588855,68.5,31.5,80414.588855,69.0,31.0,80414.588855,69.0,31.0,80414.588855,69.5,30.5,80414.588855,69.5,30.5,80414.588855,69.5,30.5,80809.045281,69.5,30.5,80809.045281,69.0,31.0,80809.045281,69.5,30.5,80809.045281,69.5,30.5,80809.045281,69.5,30.5,80809.045281,69.5,30.5,80809.045281,69.5,30.5,80809.045281,69.5,30.5,80809.045281,69.5,30.5,80760.572222,69.5,30.5,80760.572222,69.5,30.5,80760.572222,69.5,30.5,80760.572222,69.5,30.5,80760.572222,69.5,30.5,80760.572222,69.5,30.5,80760.572222,69.5,30.5,80760.572222,69.5,30.5,78991.500801,69.5,30.5,78991.500801,69.5,30.5,78991.500801,69.5,30.5,78991.500801,69.5,30.5,78991.500801,69.5,30.5,78991.500801,69.5,30.5,78991.500801,69.5,30.5,78625.154696,70.5,29.5,78625.154696,71.5,28.5,78625.154696,71.5,28.5,78625.154696,71.5,28.5,78625.154696,72.0,28.0,78625.154696,72.0,28.0,78625.154696,72.5,27.5,78625.154696
tech,801454,will-xai-have-the-best-ai-model-at-the-end-of-march-2026-497,Will xAI have the best AI model at the end of March 2026?,2026-03-31,,,,,,,,,,97.45,2.55,26189.188338,97.45,2.55,26189.188338,97.4,2.6,26189.188338,97.3,2.7,26189.188338,97.45,2.55,26189.188338,97.45,2.55,26189.188338,97.55,2.45,26189.188338,97.55,2.45,26189.188338,97.55,2.45,35997.206406,97.65,2.35,35997.206406,97.65,2.35,35997.206406,97.55,2.45,35997.206406,97.1,2.9,35997.206406,97.1,2.9,35997.206406,96.9,3.1,35997.206406,96.55,3.45,37202.606173,96.6,3.4,37202.606173,96.5,3.5,37202.606173,97.0,3.0,37202.606173,97.1,2.9,37202.606173,97.15,2.85,37202.606173,96.55,3.45,37202.606173,96.55,3.45,37202.606173,97.15,2.85,36042.013166,97.25,2.75,36042.013166,97.25,2.75,36042.013166,97.5,2.5,36042.013166,97.45,2.55,36042.013166,97.5,2.5,36042.013166,97.45,2.55,36042.013166,97.5,2.5,37378.614453,97.5,2.5,37378.614453,97.5,2.5,37378.614453,97.5,2.5,37378.614453,97.5,2.5,37378.614453,97.5,2.5,37378.614453,97.7,2.3,37378.614453,97.75,2.25,37378.614453,97.85,2.15,37378.614453,97.85,2.15,50103.646958,97.95,2.05,50103.646958,97.85,2.15,50103.646958,97.8,2.2,50103.646958,97.7,2.3,50103.646958,97.65,2.35,50103.646958,97.65,2.35,50103.646958,96.8,3.2,50103.646958,96.7,3.3,54465.725405,96.45,3.55,54465.725405,96.75,3.25,54465.725405,96.4,3.6,54465.725405,96.7,3.3,54465.725405,96.95,3.05,54465.725405,97.05,2.95,54465.725405,96.7,3.3,48336.667662,97.05,2.95,48336.667662,97.25,2.75,48336.667662,97.25,2.75,48336.667662,97.25,2.75,48336.667662,97.35,2.65,48336.667662,97.35,2.65,48336.667662,97.45,2.55,48336.667662
tech,920288,will-xai-have-the-best-ai-model-for-coding-on-march-31,Will xAI have the best AI model for coding on March 31?,2026-03-31,,,,,,,,,,,,,,,,,,,,,,,,,,,,,,,,,,,,,,,,,,,,,,,,,,,,,,,,,,,,,,,,,,,,,,,,,,,,,,,,,,,,,,,,,,,,,,,,,,,,,,,,,,,,,,,,,,,,,,,,,,,,,,,98.6,1.4,28818.794507,98.6,1.4,28818.794507,98.7,1.3,28818.794507,98.75,1.25,28818.794507,98.85,1.15,28818.794507,98.9,1.1,28818.794507,98.95,1.05,28818.794507,98.95,1.05,28818.794507,98.95,1.05,28971.077330,98.95,1.05,28971.077330,98.95,1.05,28971.077330,98.95,1.05,28971.077330,98.95,1.05,28971.077330,98.95,1.05,28971.077330,98.95,1.05,28971.077330,98.95,1.05,29026.977245,98.95,1.05,29026.977245,98.95,1.05,29026.977245,98.8,1.2,29026.977245,98.4,1.6,29026.977245,98.3,1.7,29026.977245,98.3,1.7,29026.977245,98.3,1.7,29026.977245
world,644510,spain-snap-election-called-by-june-30-2026,"Spain snap election called by June 30, 2026?",,82.5,17.5,568.750000,82.5,17.5,568.750000,82.5,17.5,568.750000,82.5,17.5,11.941173,82.5,17.5,11.941173,82.5,17.5,11.941173,83.0,17.0,11.941173,82.5,17.5,11.941173,82.5,17.5,11.941173,80.5,19.5,11.941173,81.5,18.5,329.653521,81.5,18.5,329.653521,81.5,18.5,329.653521,83.5,16.5,329.653521,84.0,16.0,329.653521,84.0,16.0,329.653521,84.0,16.0,329.653521,84.0,16.0,329.653521,84.0,16.0,385.486853,84.0,16.0,385.486853,84.0,16.0,385.486853,84.0,16.0,385.486853,84.0,16.0,385.486853,84.0,16.0,385.486853,84.0,16.0,385.486853,84.0,16.0,385.486853,84.0,16.0,373.545680,84.0,16.0,373.545680,84.0,16.0,373.545680,84.0,16.0,373.545680,84.0,16.0,373.545680,84.0,16.0,373.545680,84.0,16.0,373.545680,84.0,16.0,55.833332,84.0,16.0,55.833332,84.0,16.0,55.833332,84.0,16.0,55.833332,84.0,16.0,55.833332,84.0,16.0,55.833332,84.0,16.0,55.833332,84.0,16.0,55.833332,85.5,14.5,55.833332,84.0,16.0,1425.250000,84.0,16.0,1425.250000,84.0,16.0,1425.250000,84.5,15.5,1425.250000,84.5,15.5,1425.250000,84.5,15.5,1425.250000,84.5,15.5,1425.250000,83.5,16.5,1425.250000,83.5,16.5,1575.990000,83.5,16.5,1575.990000,84.0,16.0,1575.990000,84.0,16.0,1575.990000,84.0,16.0,1575.990000,84.0,16.0,1575.990000,84.0,16.0,1575.990000,84.0,16.0,1581.645578,84.0,16.0,1581.645578,83.5,16.5,1581.645578,84.0,16.0,1581.645578,84.0,16.0,1581.645578,84.0,16.0,1581.645578,84.0,16.0,1581.645578,84.0,16.0,1581.645578
world,923366,will-anutin-charnvirakul-be-the-next-prime-minister-of-thailand-after-the-election,Will Anutin Charnvirakul be the next prime minister of Thailand?,2026-12-31,4.05,95.95,1793.330000,4.05,95.95,1793.330000,3.75,96.25,1793.330000,3.75,96.25,54171.020000,3.75,96.25,54171.020000,3.75,96.25,54171.020000,3.75,96.25,54171.020000,3.75,96.25,54171.020000,3.75,96.25,54171.020000,3.75,96.25,54171.020000,3.75,96.25,54171.020000,3.75,96.25,54183.960000,3.35,96.65,54183.960000,3.4,96.6,54183.960000,3.15,96.85,54183.960000,3.2,96.8,54183.960000,3.2,96.8,54183.960000,3.2,96.8,54183.960000,3.3,96.7,53421.737027,3.25,96.75,53421.737027,3.25,96.75,53421.737027,3.1,96.9,53421.737027,3.2,96.8,53421.737027,3.2,96.8,53421.737027,2.0,98.0,53421.737027,1.95,98.05,53421.737027,1.95,98.05,2034.854973,1.95,98.05,2034.854973,1.95,98.05,2034.854973,1.95,98.05,2034.854973,1.95,98.05,2034.854973,2.05,97.95,2034.854973,2.05,97.95,2034.854973,2.3,97.7,2601.529556,2.35,97.65,2601.529556,2.35,97.65,2601.529556,2.3,97.7,2601.529556,2.35,97.65,2601.529556,2.35,97.65,2601.529556,2.3,97.7,2601.529556,2.25,97.75,2601.529556,2.25,97.75,2601.529556,2.25,97.75,2081.179527,2.2,97.8,2081.179527,2.15,97.85,2081.179527,2.25,97.75,2081.179527,2.25,97.75,2081.179527,2.25,97.75,2081.179527,2.25,97.75,2081.179527,2.25,97.75,2081.179527,2.25,97.75,1318.502396,2.25,97.75,1318.502396,2.25,97.75,1318.502396,2.25,97.75,1318.502396,2.25,97.75,1318.502396,2.25,97.75,1318.502396,2.25,97.75,1318.502396,2.25,97.75,738.887813,2.25,97.75,738.887813,2.25,97.75,738.887813,2.25,97.75,738.887813,2.25,97.75,738.887813,2.25,97.75,738.887813,2.2,97.8,738.887813,2.2,97.8,738.887813
world,923369,will-chaikasem-nitisiri-be-the-next-prime-minister-of-thailand-after-the-election,Will Chaikasem Nitisiri be the next prime minister of Thailand?,2026-12-31,99.85,0.15,9.890000,99.85,0.15,9.890000,99.85,0.15,9.890000,99.85,0.15,9.890000,99.85,0.15,9.890000,99.85,0.15,9.890000,99.85,0.15,9.890000,99.85,0.15,9.890000,99.85,0.15,9.890000,99.85,0.15,9.890000,99.85,0.15,9.890000,99.85,0.15,0.000000,99.85,0.15,0.000000,99.85,0.15,0.000000,99.85,0.15,0.000000,99.85,0.15,0.000000,99.85,0.15,0.000000,99.85,0.15,0.000000,99.85,0.15,0.000000,99.85,0.15,0.000000,99.85,0.15,0.000000,99.85,0.15,0.000000,99.85,0.15,0.000000,99.85,0.15,0.000000,99.85,0.15,0.000000,99.85,0.15,0.000000,99.85,0.15,15.015000,99.85,0.15,15.015000,99.85,0.15,15.015000,99.85,0.15,15.015000,99.85,0.15,15.015000,99.85,0.15,15.015000,99.85,0.15,15.015000,99.85,0.15,15.015000,99.85,0.15,15.015000,99.85,0.15,15.015000,99.85,0.15,15.015000,99.85,0.15,15.015000,99.85,0.15,15.015000,99.85,0.15,15.015000,99.85,0.15,15.015000,99.85,0.15,15.015000,99.85,0.15,15.015000,99.85,0.15,15.015000,99.85,0.15,15.015000,99.85,0.15,15.015000,99.85,0.15,15.015000,99.85,0.15,15.015000,99.85,0.15,15.015000,99.85,0.15,15.015000,99.85,0.15,2250.700000,99.85,0.15,2250.700000,99.85,0.15,2250.700000,99.85,0.15,2250.700000,99.85,0.15,2250.700000,99.85,0.15,2250.700000,99.85,0.15,2250.700000,99.85,0.15,2295.690000,99.85,0.15,2295.690000,99.85,0.15,2295.690000,99.85,0.15,2295.690000,99.85,0.15,2295.690000,99.85,0.15,2295.690000,99.85,0.15,2295.690000,99.85,0.15,2295.690000
world,700881,will-israel-annex-any-territory-by-june-30,Will Israel annex any territory by June 30?,2026-06-30,83.95,16.05,996.910975,82.9,17.1,996.910975,82.95,17.05,996.910975,83.8,16.2,1498.147265,83.5,16.5,1498.147265,81.95,18.05,1498.147265,81.65,18.35,1498.147265,85.75,14.25,1498.147265,85.35,14.65,1498.147265,85.15,14.85,1498.147265,85.0,15.0,1498.147265,85.7,14.3,749.344793,85.45,14.55,749.344793,85.35,14.65,749.344793,85.25,14.75,749.344793,85.0,15.0,749.344793,84.8,15.2,749.344793,84.65,15.35,749.344793,84.3,15.7,655.867518,73.35,26.65,655.867518,87.6,12.4,655.867518,79.5,20.5,655.867518,79.7,20.3,655.867518,79.55,20.45,655.867518,78.7,21.3,655.867518,78.3,21.7,655.867518,82.25,17.75,990.305994,80.4,19.6,990.305994,80.3,19.7,990.305994,80.3,19.7,990.305994,80.25,19.75,990.305994,80.25,19.75,990.305994,82.35,17.65,990.305994,82.3,17.7,915.575912,82.3,17.7,915.575912,82.7,17.3,915.575912,82.75,17.25,915.575912,82.75,17.25,915.575912,82.75,17.25,915.575912,82.75,17.25,915.575912,84.05,15.95,915.575912,88.25,11.75,915.575912,87.2,12.8,1026.275912,87.55,12.45,1026.275912,88.05,11.95,1026.275912,87.55,12.45,1026.275912,87.25,12.75,1026.275912,87.95,12.05,1026.275912,90.5,9.5,1026.275912,91.5,8.5,1026.275912,91.45,8.55,274.890414,90.9,9.1,274.890414,91.45,8.55,274.890414,91.45,8.55,274.890414,91.3,8.7,274.890414,91.45,8.55,274.890414,91.45,8.55,274.890414,91.5,8.5,292.935065,91.45,8.55,292.935065,91.45,8.55,292.935065,90.9,9.1,292.935065,90.9,9.1,292.935065,89.2,10.8,292.935065,89.2,10.8,292.935065,89.2,10.8,292.935065
world,923373,will-julapun-amornvivat-be-the-next-prime-minister-of-thailand-after-the-election,Will Julapun Amornvivat be the next prime minister of Thailand?,2026-12-31,99.95,0.05,0.000000,99.95,0.05,0.000000,99.95,0.05,0.000000,99.95,0.05,0.000000,99.95,0.05,0.000000,99.95,0.05,0.000000,99.95,0.05,0.000000,99.95,0.05,0.000000,99.95,0.05,0.000000,99.95,0.05,0.000000,99.95,0.05,0.000000,99.95,0.05,0.000000,99.95,0.05,0.000000,99.95,0.05,0.000000,99.95,0.05,0.000000,99.95,0.05,0.000000,99.95,0.05,0.000000,99.95,0.05,0.000000,99.95,0.05,0.000000,99.95,0.05,0.000000,99.95,0.05,0.000000,99.95,0.05,0.000000,99.95,0.05,0.000000,99.95,0.05,0.000000,99.95,0.05,0.000000,99.95,0.05,0.000000,99.95,0.05,0.000000,99.95,0.05,0.000000,99.95,0.05,0.000000,99.95,0.05,0.000000,99.95,0.05,0.000000,99.95,0.05,0.000000,99.95,0.05,0.000000,99.95,0.05,0.000000,99.95,0.05,0.000000,99.95,0.05,0.000000,99.95,0.05,0.000000,99.95,0.05,0.000000,99.95,0.05,0.000000,99.95,0.05,0.000000,99.95,0.05,0.000000,99.95,0.05,0.000000,99.95,0.05,0.000000,99.95,0.05,0.000000,99.95,0.05,0.000000,99.95,0.05,0.000000,99.95,0.05,0.000000,99.95,0.05,0.000000,99.95,0.05,0.000000,99.95,0.05,0.000000,99.95,0.05,0.000000,99.95,0.05,0.000000,99.95,0.05,0.000000,99.95,0.05,0.000000,99.95,0.05,0.000000,99.95,0.05,0.000000,99.95,0.05,0.000000,99.9,0.1,0.000000,99.9,0.1,0.000000,99.9,0.1,0.000000,99.9,0.1,0.000000,99.9,0.1,0.000000,99.9,0.1,0.000000,99.9,0.1,0.000000,99.9,0.1,0.000000
world,923368,will-natthaphong-ruengpanyawut-be-the-next-prime-minister-of-thailand-after-the-election,Will Natthaphong Ruengpanyawut be the next prime minister of Thailand?,2026-12-31,99.5,0.5,130.551000,99.55,0.45,130.551000,99.55,0.45,130.551000,99.55,0.45,7.101000,99.55,0.45,7.101000,99.5,0.5,7.101000,99.5,0.5,7.101000,99.5,0.5,7.101000,99.5,0.5,7.101000,99.5,0.5,7.101000,99.5,0.5,7.101000,99.5,0.5,11.390000,99.5,0.5,11.390000,99.5,0.5,11.390000,99.5,0.5,11.390000,99.5,0.5,11.390000,99.5,0.5,11.390000,99.5,0.5,11.390000,99.5,0.5,11.390000,99.5,0.5,11.390000,99.5,0.5,11.390000,99.5,0.5,11.390000,99.5,0.5,11.390000,99.5,0.5,11.390000,99.5,0.5,11.390000,99.5,0.5,11.390000,99.5,0.5,11.390000,99.5,0.5,11.390000,99.5,0.5,11.390000,99.5,0.5,11.390000,99.5,0.5,11.390000,99.5,0.5,11.390000,99.5,0.5,11.390000,98.95,1.05,156.269410,98.85,1.15,156.269410,98.8,1.2,156.269410,98.75,1.25,156.269410,98.7,1.3,156.269410,98.7,1.3,156.269410,98.65,1.35,156.269410,98.6,1.4,156.269410,98.6,1.4,156.269410,98.6,1.4,156.269410,98.8,1.2,156.269410,98.6,1.4,156.269410,98.6,1.4,156.269410,98.6,1.4,156.269410,98.6,1.4,156.269410,98.6,1.4,156.269410,98.6,1.4,156.269410,98.6,1.4,262.519410,98.6,1.4,262.519410,98.6,1.4,262.519410,98.6,1.4,262.519410,98.6,1.4,262.519410,98.6,1.4,262.519410,98.6,1.4,262.519410,98.6,1.4,106.250000,98.6,1.4,106.250000,98.75,1.25,106.250000,98.75,1.25,106.250000,98.75,1.25,106.250000,99.05,0.95,106.250000,99.3,0.7,106.250000,99.45,0.55,106.250000
world,923367,will-paetongtarn-shinawatra-be-the-next-prime-minister-of-thailand-after-the-election,Will Paetongtarn Shinawatra be the next prime minister of Thailand?,2026-12-31,99.95,0.05,0.000000,99.95,0.05,0.000000,99.95,0.05,0.000000,99.95,0.05,0.000000,99.95,0.05,0.000000,99.95,0.05,0.000000,99.95,0.05,0.000000,99.95,0.05,0.000000,99.95,0.05,0.000000,99.95,0.05,0.000000,99.95,0.05,0.000000,99.95,0.05,0.000000,99.95,0.05,0.000000,99.95,0.05,0.000000,99.95,0.05,0.000000,99.95,0.05,0.000000,99.95,0.05,0.000000,99.95,0.05,0.000000,99.95,0.05,0.000000,99.95,0.05,0.000000,99.95,0.05,0.000000,99.95,0.05,0.000000,99.95,0.05,0.000000,99.95,0.05,0.000000,99.95,0.05,0.000000,99.95,0.05,0.000000,99.95,0.05,0.000000,99.95,0.05,0.000000,99.95,0.05,0.000000,99.95,0.05,0.000000,99.95,0.05,0.000000,99.95,0.05,0.000000,99.95,0.05,0.000000,99.95,0.05,0.000000,99.95,0.05,0.000000,99.95,0.05,0.000000,99.95,0.05,0.000000,99.95,0.05,0.000000,99.95,0.05,0.000000,99.95,0.05,0.000000,99.95,0.05,0.000000,99.95,0.05,0.000000,99.95,0.05,0.000000,99.95,0.05,0.000000,99.95,0.05,0.000000,99.95,0.05,0.000000,99.95,0.05,0.000000,99.95,0.05,0.000000,99.95,0.05,0.000000,99.95,0.05,0.000000,99.95,0.05,0.000000,99.95,0.05,0.000000,99.95,0.05,0.000000,99.95,0.05,0.000000,99.95,0.05,0.000000,99.95,0.05,0.000000,99.95,0.05,0.000000,99.95,0.05,0.000000,99.95,0.05,0.000000,99.95,0.05,0.000000,99.95,0.05,0.000000,99.95,0.05,0.000000,99.95,0.05,0.000000,99.95,0.05,0.000000,99.95,0.05,0.000000
world,923374,will-prawit-wongsuwan-be-the-next-prime-minister-of-thailand-after-the-election,Will Prawit Wongsuwan be the next prime minister of Thailand?,2026-12-31,99.95,0.05,0.000000,99.95,0.05,0.000000,99.95,0.05,0.000000,99.95,0.05,0.000000,99.95,0.05,0.000000,99.95,0.05,0.000000,99.95,0.05,0.000000,99.95,0.05,0.000000,99.95,0.05,0.000000,99.95,0.05,0.000000,99.95,0.05,0.000000,99.95,0.05,0.000000,99.95,0.05,0.000000,99.95,0.05,0.000000,99.95,0.05,0.000000,99.95,0.05,0.000000,99.95,0.05,0.000000,99.95,0.05,0.000000,99.95,0.05,0.000000,99.95,0.05,0.000000,99.95,0.05,0.000000,99.95,0.05,0.000000,99.95,0.05,0.000000,99.95,0.05,0.000000,99.95,0.05,0.000000,99.95,0.05,0.000000,99.95,0.05,0.000000,99.95,0.05,0.000000,99.95,0.05,0.000000,99.95,0.05,0.000000,99.95,0.05,0.000000,99.95,0.05,0.000000,99.95,0.05,0.000000,99.95,0.05,0.000000,99.95,0.05,0.000000,99.95,0.05,0.000000,99.95,0.05,0.000000,99.95,0.05,0.000000,99.95,0.05,0.000000,99.95,0.05,0.000000,99.95,0.05,0.000000,99.95,0.05,0.000000,99.95,0.05,0.000000,99.95,0.05,0.000000,99.95,0.05,0.000000,99.95,0.05,0.000000,99.95,0.05,0.000000,99.95,0.05,0.000000,99.95,0.05,0.000000,99.95,0.05,0.000000,99.95,0.05,0.000000,99.95,0.05,0.000000,99.95,0.05,0.000000,99.95,0.05,0.000000,99.95,0.05,0.000000,99.95,0.05,0.000000,99.95,0.05,0.000000,99.95,0.05,0.000000,99.95,0.05,0.000000,99.95,0.05,0.000000,99.95,0.05,0.000000,99.95,0.05,0.000000,99.95,0.05,0.000000,99.95,0.05,0.000000,99.95,0.05,0.000000
world,1397302,will-russia-capture-lyman-by-april-30-2026,"Will Russia capture Lyman by April 30, 2026?",2025-12-31,59.5,40.5,997.694416,59.5,40.5,997.694416,59.0,41.0,997.694416,61.0,39.0,954.064031,61.0,39.0,954.064031,60.5,39.5,954.064031,60.5,39.5,954.064031,60.5,39.5,954.064031,58.5,41.5,954.064031,58.5,41.5,954.064031,57.5,42.5,954.064031,57.5,42.5,738.601734,57.5,42.5,738.601734,57.5,42.5,738.601734,57.5,42.5,738.601734,57.5,42.5,738.601734,57.5,42.5,738.601734,58.0,42.0,738.601734,58.0,42.0,783.931125,57.5,42.5,783.931125,58.0,42.0,783.931125,57.5,42.5,783.931125,57.5,42.5,783.931125,57.5,42.5,783.931125,57.5,42.5,783.931125,59.5,40.5,783.931125,59.5,40.5,544.811189,59.5,40.5,544.811189,59.0,41.0,544.811189,56.5,43.5,544.811189,56.5,43.5,544.811189,56.5,43.5,544.811189,56.5,43.5,544.811189,58.0,42.0,602.618858,56.0,44.0,602.618858,56.0,44.0,602.618858,56.0,44.0,602.618858,56.0,44.0,602.618858,56.0,44.0,602.618858,56.0,44.0,602.618858,56.0,44.0,602.618858,56.0,44.0,602.618858,56.0,44.0,556.712622,56.0,44.0,556.712622,56.0,44.0,556.712622,56.0,44.0,556.712622,56.0,44.0,556.712622,61.5,38.5,556.712622,63.0,37.0,556.712622,62.5,37.5,556.712622,63.0,37.0,3285.163136,61.5,38.5,3285.163136,61.5,38.5,3285.163136,64.5,35.5,3285.163136,64.0,36.0,3285.163136,64.5,35.5,3285.163136,64.5,35.5,3285.163136,64.5,35.5,3163.912105,64.5,35.5,3163.912105,64.5,35.5,3163.912105,64.5,35.5,3163.912105,64.5,35.5,3163.912105,64.5,35.5,3163.912105,64.5,35.5,3163.912105,64.0,36.0,3163.912105
world,1397270,will-russia-capture-lyman-by-december-31-2026-774,"Will Russia capture Lyman by December 31, 2026?",2025-12-31,14.0,86.0,154.815712,14.0,86.0,154.815712,14.0,86.0,154.815712,13.5,86.5,32.500000,13.0,87.0,32.500000,13.0,87.0,32.500000,13.0,87.0,32.500000,12.5,87.5,32.500000,13.0,87.0,32.500000,13.0,87.0,32.500000,13.0,87.0,32.500000,13.0,87.0,32.500000,13.0,87.0,32.500000,13.0,87.0,32.500000,13.0,87.0,32.500000,13.0,87.0,32.500000,13.0,87.0,32.500000,13.0,87.0,32.500000,13.0,87.0,32.500000,13.0,87.0,32.500000,13.0,87.0,32.500000,12.5,87.5,32.500000,12.5,87.5,32.500000,12.5,87.5,32.500000,12.5,87.5,32.500000,12.5,87.5,32.500000,12.5,87.5,208.307691,12.5,87.5,208.307691,12.0,88.0,208.307691,12.5,87.5,208.307691,12.0,88.0,208.307691,12.5,87.5,208.307691,12.5,87.5,208.307691,12.5,87.5,208.307691,12.5,87.5,208.307691,12.5,87.5,208.307691,12.5,87.5,208.307691,12.5,87.5,208.307691,12.5,87.5,208.307691,12.5,87.5,208.307691,12.5,87.5,208.307691,12.5,87.5,208.307691,12.5,87.5,208.307691,12.5,87.5,208.307691,12.5,87.5,208.307691,12.5,87.5,208.307691,12.5,87.5,208.307691,12.5,87.5,208.307691,12.5,87.5,208.307691,12.5,87.5,208.307691,12.5,87.5,0.000000,12.5,87.5,0.000000,12.5,87.5,0.000000,12.5,87.5,0.000000,12.5,87.5,0.000000,12.5,87.5,0.000000,12.5,87.5,0.000000,12.5,87.5,0.000000,12.5,87.5,0.000000,12.5,87.5,0.000000,12.5,87.5,0.000000,12.5,87.5,0.000000,12.5,87.5,0.000000,12.5,87.5,0.000000,12.5,87.5,0.000000
world,1397269,will-russia-capture-lyman-by-june-30-2026-413,"Will Russia capture Lyman by June 30, 2026?",2025-12-31,32.0,68.0,1130.535845,32.0,68.0,1130.535845,32.0,68.0,1130.535845,32.5,67.5,512.673295,32.5,67.5,512.673295,32.0,68.0,512.673295,32.0,68.0,512.673295,32.0,68.0,512.673295,32.0,68.0,512.673295,31.0,69.0,512.673295,31.0,69.0,653.783109,31.0,69.0,653.783109,31.0,69.0,653.783109,31.0,69.0,653.783109,30.5,69.5,653.783109,30.5,69.5,653.783109,30.5,69.5,653.783109,30.5,69.5,653.783109,30.5,69.5,719.773109,30.5,69.5,719.773109,30.5,69.5,719.773109,29.5,70.5,719.773109,29.5,70.5,719.773109,29.5,70.5,719.773109,29.5,70.5,719.773109,29.5,70.5,719.773109,29.5,70.5,691.288994,29.5,70.5,691.288994,26.0,74.0,691.288994,26.0,74.0,691.288994,25.5,74.5,691.288994,24.0,76.0,691.288994,24.0,76.0,691.288994,24.0,76.0,462.100000,24.0,76.0,462.100000,24.0,76.0,462.100000,24.0,76.0,462.100000,24.0,76.0,462.100000,24.0,76.0,462.100000,24.0,76.0,462.100000,24.0,76.0,462.100000,24.0,76.0,462.100000,24.0,76.0,396.110000,24.0,76.0,396.110000,24.0,76.0,396.110000,24.0,76.0,396.110000,24.0,76.0,396.110000,24.0,76.0,396.110000,24.0,76.0,396.110000,24.0,76.0,396.110000,24.0,76.0,388.340000,24.0,76.0,388.340000,24.0,76.0,388.340000,24.0,76.0,388.340000,24.0,76.0,388.340000,24.0,76.0,388.340000,24.0,76.0,388.340000,25.5,74.5,5.290000,25.5,74.5,5.290000,25.5,74.5,5.290000,25.5,74.5,5.290000,25.5,74.5,5.290000,25.5,74.5,5.290000,25.5,74.5,5.290000,29.5,70.5,5.290000
world,1006892,will-russia-capture-lyman-by-march-31-2026-494,"Will Russia capture Lyman by March 31, 2026?",2025-12-31,77.5,22.5,13311.849210,79.0,21.0,13311.849210,77.5,22.5,13311.849210,78.5,21.5,4394.130718,79.5,20.5,4394.130718,77.0,23.0,4394.130718,76.0,24.0,4394.130718,77.0,23.0,4394.130718,76.5,23.5,4394.130718,77.0,23.0,4394.130718,77.5,22.5,3771.420291,77.5,22.5,3771.420291,77.5,22.5,3771.420291,77.5,22.5,3771.420291,77.5,22.5,3771.420291,77.5,22.5,3771.420291,77.5,22.5,3771.420291,77.5,22.5,3771.420291,77.5,22.5,3113.371883,77.5,22.5,3113.371883,77.5,22.5,3113.371883,78.5,21.5,3113.371883,78.5,21.5,3113.371883,78.5,21.5,3113.371883,78.5,21.5,3113.371883,78.5,21.5,3113.371883,78.5,21.5,2196.947284,78.5,21.5,2196.947284,78.5,21.5,2196.947284,79.5,20.5,2196.947284,79.5,20.5,2196.947284,79.5,20.5,2196.947284,79.5,20.5,2196.947284,79.5,20.5,3365.687587,79.0,21.0,3365.687587,79.0,21.0,3365.687587,79.0,21.0,3365.687587,79.0,21.0,3365.687587,79.0,21.0,3365.687587,79.0,21.0,3365.687587,79.0,21.0,3365.687587,79.0,21.0,3365.687587,79.0,21.0,3365.108862,79.5,20.5,3365.108862,79.0,21.0,3365.108862,80.0,20.0,3365.108862,80.5,19.5,3365.108862,80.5,19.5,3365.108862,80.5,19.5,3365.108862,80.5,19.5,3365.108862,80.0,20.0,3683.654451,80.0,20.0,3683.654451,80.0,20.0,3683.654451,80.0,20.0,3683.654451,80.0,20.0,3683.654451,80.0,20.0,3683.654451,80.5,19.5,3683.654451,80.5,19.5,1992.044451,80.5,19.5,1992.044451,80.5,19.5,1992.044451,80.5,19.5,1992.044451,80.5,19.5,1992.044451,80.5,19.5,1992.044451,80.5,19.5,1992.044451,79.5,20.5,1992.044451
world,923376,will-yodchanan-wongsawat-be-the-next-prime-minister-of-thailand,Will Yodchanan Wongsawat be the next prime minister of Thailand?,2026-12-31,99.75,0.25,9.890000,99.75,0.25,9.890000,99.75,0.25,9.890000,99.75,0.25,9.890000,99.75,0.25,9.890000,99.75,0.25,9.890000,99.75,0.25,9.890000,99.75,0.25,9.890000,99.75,0.25,9.890000,99.75,0.25,9.890000,99.75,0.25,9.890000,99.75,0.25,0.000000,99.75,0.25,0.000000,99.75,0.25,0.000000,99.75,0.25,0.000000,99.75,0.25,0.000000,99.75,0.25,0.000000,99.75,0.25,0.000000,99.75,0.25,22.000000,99.75,0.25,22.000000,99.75,0.25,22.000000,99.75,0.25,22.000000,99.75,0.25,22.000000,99.75,0.25,22.000000,99.75,0.25,22.000000,99.75,0.25,22.000000,99.75,0.25,22.000000,99.75,0.25,22.000000,99.75,0.25,22.000000,99.75,0.25,22.000000,99.75,0.25,22.000000,99.75,0.25,22.000000,99.75,0.25,22.000000,99.8,0.2,938.666666,99.8,0.2,938.666666,99.8,0.2,938.666666,99.8,0.2,938.666666,99.8,0.2,938.666666,99.8,0.2,938.666666,99.8,0.2,938.666666,99.8,0.2,938.666666,99.8,0.2,938.666666,99.8,0.2,916.666666,99.8,0.2,916.666666,99.8,0.2,916.666666,99.8,0.2,916.666666,99.8,0.2,916.666666,99.8,0.2,916.666666,99.8,0.2,916.666666,99.8,0.2,916.666666,99.8,0.2,1277.006666,99.8,0.2,1277.006666,99.8,0.2,1277.006666,99.8,0.2,1277.006666,99.8,0.2,1277.006666,99.8,0.2,1277.006666,99.8,0.2,1277.006666,99.8,0.2,360.340000,99.8,0.2,360.340000,99.75,0.25,360.340000,99.75,0.25,360.340000,99.75,0.25,360.340000,99.75,0.25,360.340000,99.7,0.3,360.340000,99.7,0.3,360.340000
world,559651,xi-jinping-out-before-2027,Xi Jinping out before 2027?,2026-12-31,90.95,9.05,42638.747777,90.95,9.05,42638.747777,90.95,9.05,42638.747777,90.95,9.05,48197.541624,91.0,9.0,48197.541624,90.5,9.5,48197.541624,90.5,9.5,48197.541624,90.5,9.5,48197.541624,90.45,9.55,48197.541624,90.45,9.55,48197.541624,90.55,9.45,48197.541624,90.5,9.5,68605.170505,90.6,9.4,68605.170505,90.55,9.45,68605.170505,90.6,9.4,68605.170505,90.75,9.25,68605.170505,91.15,8.85,68605.170505,90.95,9.05,68605.170505,90.95,9.05,93566.957568,90.9,9.1,93566.957568,90.9,9.1,93566.957568,90.9,9.1,93566.957568,90.95,9.05,93566.957568,91.15,8.85,93566.957568,91.45,8.55,93566.957568,91.45,8.55,93566.957568,91.45,8.55,75045.989696,91.45,8.55,75045.989696,91.5,8.5,75045.989696,91.45,8.55,75045.989696,91.5,8.5,75045.989696,91.5,8.5,75045.989696,91.5,8.5,75045.989696,91.5,8.5,55796.414928,91.5,8.5,55796.414928,91.5,8.5,55796.414928,91.5,8.5,55796.414928,91.55,8.45,55796.414928,91.55,8.45,55796.414928,91.55,8.45,55796.414928,91.55,8.45,55796.414928,91.55,8.45,55796.414928,91.55,8.45,23970.521377,91.55,8.45,23970.521377,91.55,8.45,23970.521377,91.55,8.45,23970.521377,91.55,8.45,23970.521377,91.55,8.45,23970.521377,91.55,8.45,23970.521377,91.55,8.45,23970.521377,91.55,8.45,8287.307219,91.55,8.45,8287.307219,91.55,8.45,8287.307219,91.55,8.45,8287.307219,91.55,8.45,8287.307219,91.55,8.45,8287.307219,91.55,8.45,8287.307219,91.55,8.45,8040.967839,91.55,8.45,8040.967839,91.55,8.45,8040.967839,91.65,8.35,8040.967839,91.55,8.45,8040.967839,91.55,8.45,8040.967839,91.55,8.45,8040.967839,91.55,8.45,8040.967839
